caller_fqn,callee_fqn,resolved,origin
ichiran/characters:as-hiragana,ichiran/characters:*all-characters*,1,source
ichiran/characters:as-hiragana,ichiran/characters:*char-class-hash*,1,source
ichiran/characters:as-hiragana,ichiran/characters:to-normal-char,1,both
ichiran/characters:as-katakana,ichiran/characters:*all-characters*,1,source
ichiran/characters:as-katakana,ichiran/characters:*char-class-hash*,1,source
ichiran/characters:as-katakana,ichiran/characters:to-normal-char,1,both
ichiran/characters:basic-split,ichiran/characters:*basic-split-regex*,1,source
ichiran/characters:basic-split,ichiran/characters:split-by-regex,1,both
ichiran/characters:basic-split,ichiran/characters:test-word,1,both
ichiran/characters:collect-char-class,ichiran/characters:*char-class-regex-mapping*,1,source
ichiran/characters:collect-char-class,ichiran/characters:char-class,1,source
ichiran/characters:consecutive-char-groups,ichiran/characters:*char-scanners-inner*,1,source
ichiran/characters:consecutive-char-groups,ichiran/characters:char-class,1,source
ichiran/characters:count-char-class,ichiran/characters:*char-class-regex-mapping*,1,source
ichiran/characters:count-char-class,ichiran/characters:char-class,1,source
ichiran/characters:dakuten-join,ichiran/characters:*kana-characters*,1,source
ichiran/characters:destem,ichiran/characters:*char-class-regex-mapping*,1,source
ichiran/characters:destem,ichiran/characters:char-class,1,source
ichiran/characters:get-char-class,ichiran/characters:*char-class-hash*,1,source
ichiran/characters:kanji-match,ichiran/characters:kanji-regex,1,both
ichiran/characters:kanji-prefix,ichiran/characters:*kanji-regex*,1,source
ichiran/characters:kanji-regex,ichiran/characters:kanji-mask,1,runtime
ichiran/characters:long-vowel-modifier-p,ichiran/characters:char-class,1,source
ichiran/characters:long-vowel-modifier-p,ichiran/characters:get-char-class,1,both
ichiran/characters:match-diff,ichiran/characters:match-diff,1,runtime
ichiran/characters:normalize,ichiran/characters:*dakuten-join*,1,source
ichiran/characters:normalize,ichiran/characters:*punctuation-marks*,1,source
ichiran/characters:normalize,ichiran/characters:simplify-ngrams,1,both
ichiran/characters:normalize,ichiran/characters:to-normal-char,1,both
ichiran/characters:rendaku,ichiran/characters:*char-class-hash*,1,source
ichiran/characters:rendaku,ichiran/characters:*dakuten-hash*,1,source
ichiran/characters:rendaku,ichiran/characters:*handakuten-hash*,1,source
ichiran/characters:rendaku,ichiran/characters:*kana-characters*,1,source
ichiran/characters:test-word,ichiran/characters:*char-scanners*,1,source
ichiran/characters:test-word,ichiran/characters:char-class,1,source
ichiran/characters:to-normal-char,ichiran/characters:*abnormal-chars*,1,source
ichiran/characters:to-normal-char,ichiran/characters:*full-width-kana*,1,source
ichiran/characters:to-normal-char,ichiran/characters:*half-width-kana*,1,source
ichiran/characters:to-normal-char,ichiran/characters:*normal-chars*,1,source
ichiran/characters:unrendaku,ichiran/characters:*char-class-hash*,1,source
ichiran/characters:unrendaku,ichiran/characters:*kana-characters*,1,source
ichiran/characters:unrendaku,ichiran/characters:*undakuten-hash*,1,source
ichiran/characters:voice-char,ichiran/characters:*dakuten-hash*,1,source
ichiran/cli:build,ichiran/cli:setup-debugger,1,both
ichiran/cli:build,ichiran/conn:init-all-caches,1,both
ichiran/cli:build,ichiran/conn:switch-conn-vars,1,both
ichiran/cli:build,ichiran/dict:init-suffixes,1,both
ichiran/cli:main,ichiran/characters:join,1,both
ichiran/cli:main,ichiran/cli:print-error,1,both
ichiran/cli:main,ichiran/cli:print-romanize-info,1,both
ichiran/cli:main,ichiran/cli:unknown-option,1,source
ichiran/cli:main,ichiran/conn:load-connection-from-env,1,both
ichiran/cli:main,ichiran:romanize,1,both
ichiran/cli:main,ichiran:romanize*,1,both
ichiran/cli:setup-debugger,ichiran/cli:print-error,1,both
ichiran/conn:*conn-vars*,ichiran/conn:*test-var*,1,runtime
ichiran/conn:*conn-vars*,ichiran/dict:*counter-cache*,1,runtime
ichiran/conn:*conn-vars*,ichiran/dict:*is-arch-cache*,1,runtime
ichiran/conn:*conn-vars*,ichiran/dict:*no-conj-data*,1,runtime
ichiran/conn:*conn-vars*,ichiran/dict:*suffix-cache*,1,runtime
ichiran/conn:*conn-vars*,ichiran/dict:*suffix-class*,1,runtime
ichiran/conn:all-caches,ichiran/conn:cache,1,source
ichiran/conn:def-conn-var,ichiran/conn:*conn-vars*,1,source
ichiran/conn:defcache,ichiran/conn:*connection*,1,source
ichiran/conn:defcache,ichiran/conn:cache,1,source
ichiran/conn:defcache,ichiran/conn:def-conn-var,1,source
ichiran/conn:defcache,ichiran/conn:init-cache,1,source
ichiran/conn:dp,ichiran/conn:*debug*,1,source
ichiran/conn:ensure,ichiran/conn:cache,1,source
ichiran/conn:ensure,ichiran/conn:get-cache,1,source
ichiran/conn:ensure,ichiran/conn:init-cache,1,source
ichiran/conn:get-cache,ichiran/conn:all-caches,1,both
ichiran/conn:get-ichiran-connection-env,ichiran/conn:*connection-env-var*,1,source
ichiran/conn:get-spec,ichiran/conn:*connection*,1,source
ichiran/conn:get-spec,ichiran/conn:*connections*,1,source
ichiran/conn:init-all-caches,ichiran/conn:all-caches,1,both
ichiran/conn:init-all-caches,ichiran/conn:ensure,1,source
ichiran/conn:init-all-caches,ichiran/conn:reset-cache,1,source
ichiran/conn:let-db,ichiran/conn:*connection*,1,source
ichiran/conn:let-db,ichiran/conn:get-spec,1,source
ichiran/conn:load-connection-from-env,ichiran/conn:*connection*,1,source
ichiran/conn:load-connection-from-env,ichiran/conn:*is-dynamic-connection*,1,source
ichiran/conn:load-connection-from-env,ichiran/conn:get-ichiran-connection-env,1,both
ichiran/conn:load-settings,ichiran/conn:*connection*,1,source
ichiran/conn:load-settings,ichiran/conn:*is-dynamic-connection*,1,source
ichiran/conn:load-settings,ichiran/conn:load-connection-from-env,1,both
ichiran/conn:load-settings,ichiran/conn:switch-conn-vars,1,both
ichiran/conn:reset-cache,ichiran/conn:cache,1,source
ichiran/conn:reset-cache,ichiran/conn:get-cache,1,source
ichiran/conn:reset-cache,ichiran/conn:init-cache,1,source
ichiran/conn:switch-conn-vars,ichiran/conn:*conn-var-cache*,1,source
ichiran/conn:switch-conn-vars,ichiran/conn:*conn-vars*,1,source
ichiran/conn:switch-conn-vars,ichiran/conn:*connection*,1,source
ichiran/conn:switch-conn-vars,ichiran/conn:get-spec,1,both
ichiran/conn:with-db,ichiran/conn:*conn-var-cache*,1,source
ichiran/conn:with-db,ichiran/conn:*conn-vars*,1,source
ichiran/conn:with-db,ichiran/conn:*connection*,1,source
ichiran/conn:with-db,ichiran/conn:get-spec,1,source
ichiran/custom:as-xml,ichiran/custom:as-xml-simple,1,source
ichiran/custom:as-xml,ichiran/custom:municipality,1,source
ichiran/custom:as-xml,ichiran/custom:municipality-definition,1,source
ichiran/custom:as-xml,ichiran/custom:municipality-reading,1,source
ichiran/custom:as-xml,ichiran/custom:municipality-text,1,source
ichiran/custom:as-xml,ichiran/custom:ward,1,source
ichiran/custom:as-xml,ichiran/custom:ward-definition,1,source
ichiran/custom:as-xml,ichiran/custom:ward-reading,1,source
ichiran/custom:as-xml,ichiran/custom:ward-text,1,source
ichiran/custom:as-xml-simple,ichiran/characters:test-word,1,both
ichiran/custom:csv-loader,ichiran/custom:custom-source,1,runtime
ichiran/custom:get-custom-data,ichiran/custom:municipality-csv,1,source
ichiran/custom:get-custom-data,ichiran/custom:source-path,1,runtime
ichiran/custom:get-custom-data,ichiran/custom:ward-csv,1,source
ichiran/custom:get-custom-data,ichiran/custom:xml-loader,1,source
ichiran/custom:get-words,ichiran/custom:*municipality-types-description*,1,source
ichiran/custom:get-words,ichiran/custom:municipality,1,source
ichiran/custom:get-words,ichiran/custom:municipality-definition,1,source
ichiran/custom:get-words,ichiran/custom:municipality-prefecture,1,source
ichiran/custom:get-words,ichiran/custom:municipality-type,1,source
ichiran/custom:get-words,ichiran/custom:ward,1,source
ichiran/custom:get-words,ichiran/custom:ward-city,1,source
ichiran/custom:get-words,ichiran/custom:ward-definition,1,source
ichiran/custom:insert,ichiran/conn:*connection*,1,source
ichiran/custom:insert,ichiran/custom:insert-entry,1,source
ichiran/custom:insert,ichiran/custom:test-entry,1,source
ichiran/custom:insert,ichiran/custom:update-entry,1,source
ichiran/custom:insert,ichiran/custom:update-entry-gloss,1,source
ichiran/custom:insert,ichiran/custom:xml-entry-content,1,source
ichiran/custom:insert,ichiran/custom:xml-entry-seq,1,source
ichiran/custom:insert,ichiran/custom:xml-loader,1,source
ichiran/custom:insert,ichiran/dict:load-entry,1,source
ichiran/custom:insert,ichiran/dict:next-seq,1,source
ichiran/custom:insert-entry,ichiran/custom:*silent-p*,1,source
ichiran/custom:insert-entry,ichiran/custom:as-xml,1,source
ichiran/custom:insert-entry,ichiran/custom:municipality-csv,1,source
ichiran/custom:insert-entry,ichiran/custom:municipality-definition,1,source
ichiran/custom:insert-entry,ichiran/custom:municipality-reading,1,source
ichiran/custom:insert-entry,ichiran/custom:municipality-text,1,source
ichiran/custom:insert-entry,ichiran/custom:ward-csv,1,source
ichiran/custom:insert-entry,ichiran/custom:ward-definition,1,source
ichiran/custom:insert-entry,ichiran/custom:ward-reading,1,source
ichiran/custom:insert-entry,ichiran/custom:ward-text,1,source
ichiran/custom:insert-entry,ichiran/dict:load-entry,1,source
ichiran/custom:load-custom-data,ichiran/custom:*silent-p*,1,source
ichiran/custom:load-custom-data,ichiran/custom:description,0,runtime
ichiran/custom:load-custom-data,ichiran/custom:get-custom-data,1,both
ichiran/custom:load-custom-data,ichiran/custom:insert,1,both
ichiran/custom:load-custom-data,ichiran/custom:slurp,1,both
ichiran/custom:municipality-csv,ichiran/custom:csv-loader,1,runtime
ichiran/custom:municipality-short,ichiran/custom:*municipality-types*,1,source
ichiran/custom:normalize-geo,ichiran/characters:simplify-ngrams,1,both
ichiran/custom:process-entry,ichiran/characters:as-hiragana,1,source
ichiran/custom:process-entry,ichiran/characters:normalize,1,source
ichiran/custom:process-entry,ichiran/custom:make-municipality,1,source
ichiran/custom:process-entry,ichiran/custom:municipality-csv,1,source
ichiran/custom:process-entry,ichiran/custom:municipality-short,1,source
ichiran/custom:process-entry,ichiran/custom:romanize-municipality,1,source
ichiran/custom:romanize-municipality,ichiran/custom:*municipality-types-description*,1,source
ichiran/custom:romanize-municipality,ichiran/custom:municipality-short,1,both
ichiran/custom:romanize-municipality,ichiran:romanize-word-geo,1,both
ichiran/custom:slurp,ichiran/custom:*municipality-types-order*,1,source
ichiran/custom:slurp,ichiran/custom:csv-loader,1,source
ichiran/custom:slurp,ichiran/custom:make-ward,1,source
ichiran/custom:slurp,ichiran/custom:make-xml-entry,1,source
ichiran/custom:slurp,ichiran/custom:municipality-csv,1,source
ichiran/custom:slurp,ichiran/custom:municipality-type,1,source
ichiran/custom:slurp,ichiran/custom:process-entry,1,source
ichiran/custom:slurp,ichiran/custom:romanize-municipality,1,source
ichiran/custom:slurp,ichiran/custom:ward-csv,1,source
ichiran/custom:slurp,ichiran/custom:ward-reading,1,source
ichiran/custom:slurp,ichiran/custom:ward-text,1,source
ichiran/custom:slurp,ichiran/custom:xml-loader,1,source
ichiran/custom:slurp,ichiran/dict:node-text,1,source
ichiran/custom:test-entry,ichiran/custom:get-words,1,source
ichiran/custom:test-entry,ichiran/custom:municipality,1,source
ichiran/custom:test-entry,ichiran/custom:municipality-reading,1,source
ichiran/custom:test-entry,ichiran/custom:municipality-text,1,source
ichiran/custom:test-entry,ichiran/custom:municipality-type,1,source
ichiran/custom:test-entry,ichiran/custom:normalize-geo,1,source
ichiran/custom:test-entry,ichiran/custom:ward,1,source
ichiran/custom:test-entry,ichiran/custom:ward-reading,1,source
ichiran/custom:test-entry,ichiran/custom:ward-text,1,source
ichiran/custom:test-entry,ichiran/dict:match-glosses,1,source
ichiran/custom:update-entry,ichiran/custom:*silent-p*,1,source
ichiran/custom:update-entry,ichiran/custom:municipality-csv,1,source
ichiran/custom:update-entry,ichiran/custom:municipality-definition,1,source
ichiran/custom:update-entry,ichiran/custom:municipality-reading,1,source
ichiran/custom:update-entry,ichiran/custom:municipality-text,1,source
ichiran/custom:update-entry,ichiran/custom:ward-csv,1,source
ichiran/custom:update-entry,ichiran/custom:ward-definition,1,source
ichiran/custom:update-entry,ichiran/custom:ward-reading,1,source
ichiran/custom:update-entry,ichiran/custom:ward-text,1,source
ichiran/custom:update-entry,ichiran/dict:add-new-sense,1,source
ichiran/custom:update-entry-gloss,ichiran/custom:*silent-p*,1,source
ichiran/custom:update-entry-gloss,ichiran/custom:municipality-csv,1,source
ichiran/custom:update-entry-gloss,ichiran/custom:municipality-definition,1,source
ichiran/custom:update-entry-gloss,ichiran/custom:municipality-reading,1,source
ichiran/custom:update-entry-gloss,ichiran/custom:municipality-text,1,source
ichiran/custom:ward-csv,ichiran/custom:csv-loader,1,runtime
ichiran/custom:xml-loader,ichiran/custom:custom-source,1,runtime
ichiran/dict:*penalty-list*,ichiran/dict:penalty-semi-final,1,runtime
ichiran/dict:*penalty-list*,ichiran/dict:penalty-short,1,runtime
ichiran/dict:*segfilter-list*,ichiran/dict:segfilter-aux-verb,1,runtime
ichiran/dict:*segfilter-list*,ichiran/dict:segfilter-badend,1,runtime
ichiran/dict:*segfilter-list*,ichiran/dict:segfilter-dashi,1,runtime
ichiran/dict:*segfilter-list*,ichiran/dict:segfilter-dekiru,1,runtime
ichiran/dict:*segfilter-list*,ichiran/dict:segfilter-honorific,1,runtime
ichiran/dict:*segfilter-list*,ichiran/dict:segfilter-janai,1,runtime
ichiran/dict:*segfilter-list*,ichiran/dict:segfilter-mononi,1,runtime
ichiran/dict:*segfilter-list*,ichiran/dict:segfilter-n,1,runtime
ichiran/dict:*segfilter-list*,ichiran/dict:segfilter-nohayamete,1,runtime
ichiran/dict:*segfilter-list*,ichiran/dict:segfilter-roku,1,runtime
ichiran/dict:*segfilter-list*,ichiran/dict:segfilter-sae,1,runtime
ichiran/dict:*segfilter-list*,ichiran/dict:segfilter-sukiyoki,1,runtime
ichiran/dict:*segfilter-list*,ichiran/dict:segfilter-toomou,1,runtime
ichiran/dict:*segfilter-list*,ichiran/dict:segfilter-totte,1,runtime
ichiran/dict:*segfilter-list*,ichiran/dict:segfilter-tsu-iru,1,runtime
ichiran/dict:*segfilter-list*,ichiran/dict:segfilter-wokarasu,1,runtime
ichiran/dict:*segsplit-map*,ichiran/dict:split-1010105,1,runtime
ichiran/dict:*segsplit-map*,ichiran/dict:split-1567610,1,runtime
ichiran/dict:*segsplit-map*,ichiran/dict:split-1675330,1,runtime
ichiran/dict:*segsplit-map*,ichiran/dict:split-2841254,1,runtime
ichiran/dict:*segsplit-map*,ichiran/dict:split-dakara,1,runtime
ichiran/dict:*segsplit-map*,ichiran/dict:split-deha,1,runtime
ichiran/dict:*segsplit-map*,ichiran/dict:split-dokoroka,1,runtime
ichiran/dict:*segsplit-map*,ichiran/dict:split-hitorashii,1,runtime
ichiran/dict:*segsplit-map*,ichiran/dict:split-honno,1,runtime
ichiran/dict:*segsplit-map*,ichiran/dict:split-kanatte,1,runtime
ichiran/dict:*segsplit-map*,ichiran/dict:split-naito,1,runtime
ichiran/dict:*segsplit-map*,ichiran/dict:split-omise,1,runtime
ichiran/dict:*segsplit-map*,ichiran/dict:split-toha,1,runtime
ichiran/dict:*segsplit-map*,ichiran/dict:split-tokorode,1,runtime
ichiran/dict:*segsplit-map*,ichiran/dict:split-tokorodewa,1,runtime
ichiran/dict:*segsplit-map*,ichiran/dict:split-tokoroe,1,runtime
ichiran/dict:*segsplit-map*,ichiran/dict:split-tokoroga,1,runtime
ichiran/dict:*segsplit-map*,ichiran/dict:split-tokorowo,1,runtime
ichiran/dict:*split-map*,ichiran/dict:split-1000430,1,runtime
ichiran/dict:*split-map*,ichiran/dict:split-1002970,1,runtime
ichiran/dict:*split-map*,ichiran/dict:split-1005600,1,runtime
ichiran/dict:*split-map*,ichiran/dict:split-1006280,1,runtime
ichiran/dict:*split-map*,ichiran/dict:split-1006880,1,runtime
ichiran/dict:*split-map*,ichiran/dict:split-1008030,1,runtime
ichiran/dict:*split-map*,ichiran/dict:split-1207840,1,runtime
ichiran/dict:*split-map*,ichiran/dict:split-1221530,1,runtime
ichiran/dict:*split-map*,ichiran/dict:split-1221680,1,runtime
ichiran/dict:*split-map*,ichiran/dict:split-1314600,1,runtime
ichiran/dict:*split-map*,ichiran/dict:split-1314770,1,runtime
ichiran/dict:*split-map*,ichiran/dict:split-1315860,1,runtime
ichiran/dict:*split-map*,ichiran/dict:split-1322540,1,runtime
ichiran/dict:*split-map*,ichiran/dict:split-1322560,1,runtime
ichiran/dict:*split-map*,ichiran/dict:split-1327220,1,runtime
ichiran/dict:*split-map*,ichiran/dict:split-1327230,1,runtime
ichiran/dict:*split-map*,ichiran/dict:split-1349300,1,runtime
ichiran/dict:*split-map*,ichiran/dict:split-1362970,1,runtime
ichiran/dict:*split-map*,ichiran/dict:split-1474200,1,runtime
ichiran/dict:*split-map*,ichiran/dict:split-1502500,1,runtime
ichiran/dict:*split-map*,ichiran/dict:split-1508380,1,runtime
ichiran/dict:*split-map*,ichiran/dict:split-1532270,1,runtime
ichiran/dict:*split-map*,ichiran/dict:split-1538340,1,runtime
ichiran/dict:*split-map*,ichiran/dict:split-1551500,1,runtime
ichiran/dict:*split-map*,ichiran/dict:split-1579130,1,runtime
ichiran/dict:*split-map*,ichiran/dict:split-1581550,1,runtime
ichiran/dict:*split-map*,ichiran/dict:split-1591050,1,runtime
ichiran/dict:*split-map*,ichiran/dict:split-1591980,1,runtime
ichiran/dict:*split-map*,ichiran/dict:split-1597740,1,runtime
ichiran/dict:*split-map*,ichiran/dict:split-1601010,1,runtime
ichiran/dict:*split-map*,ichiran/dict:split-1601080,1,runtime
ichiran/dict:*split-map*,ichiran/dict:split-1602740,1,runtime
ichiran/dict:*split-map*,ichiran/dict:split-1606530,1,runtime
ichiran/dict:*split-map*,ichiran/dict:split-1606800,1,runtime
ichiran/dict:*split-map*,ichiran/dict:split-1612640,1,runtime
ichiran/dict:*split-map*,ichiran/dict:split-1774820,1,runtime
ichiran/dict:*split-map*,ichiran/dict:split-1854750,1,runtime
ichiran/dict:*split-map*,ichiran/dict:split-1855670,1,runtime
ichiran/dict:*split-map*,ichiran/dict:split-1863230,1,runtime
ichiran/dict:*split-map*,ichiran/dict:split-1881690,1,runtime
ichiran/dict:*split-map*,ichiran/dict:split-1894260,1,runtime
ichiran/dict:*split-map*,ichiran/dict:split-2002270,1,runtime
ichiran/dict:*split-map*,ichiran/dict:split-2007500,1,runtime
ichiran/dict:*split-map*,ichiran/dict:split-2009290,1,runtime
ichiran/dict:*split-map*,ichiran/dict:split-2016840,1,runtime
ichiran/dict:*split-map*,ichiran/dict:split-2026650,1,runtime
ichiran/dict:*split-map*,ichiran/dict:split-2083990,1,runtime
ichiran/dict:*split-map*,ichiran/dict:split-2088480,1,runtime
ichiran/dict:*split-map*,ichiran/dict:split-2109610,1,runtime
ichiran/dict:*split-map*,ichiran/dict:split-2133750,1,runtime
ichiran/dict:*split-map*,ichiran/dict:split-2272780,1,runtime
ichiran/dict:*split-map*,ichiran/dict:split-2276360,1,runtime
ichiran/dict:*split-map*,ichiran/dict:split-2433760,1,runtime
ichiran/dict:*split-map*,ichiran/dict:split-2526850,1,runtime
ichiran/dict:*split-map*,ichiran/dict:split-2529050,1,runtime
ichiran/dict:*split-map*,ichiran/dict:split-2666360,1,runtime
ichiran/dict:*split-map*,ichiran/dict:split-2668400,1,runtime
ichiran/dict:*split-map*,ichiran/dict:split-2724560,1,runtime
ichiran/dict:*split-map*,ichiran/dict:split-2757500,1,runtime
ichiran/dict:*split-map*,ichiran/dict:split-2757540,1,runtime
ichiran/dict:*split-map*,ichiran/dict:split-2762260,1,runtime
ichiran/dict:*split-map*,ichiran/dict:split-2771940,1,runtime
ichiran/dict:*split-map*,ichiran/dict:split-2834051,1,runtime
ichiran/dict:*split-map*,ichiran/dict:split-2834732,1,runtime
ichiran/dict:*split-map*,ichiran/dict:split-2835890,1,runtime
ichiran/dict:*split-map*,ichiran/dict:split-2846470,1,runtime
ichiran/dict:*split-map*,ichiran/dict:split-2855921,1,runtime
ichiran/dict:*split-map*,ichiran/dict:split-de-1004800,1,runtime
ichiran/dict:*split-map*,ichiran/dict:split-de-1006840,1,runtime
ichiran/dict:*split-map*,ichiran/dict:split-de-1163700,1,runtime
ichiran/dict:*split-map*,ichiran/dict:split-de-1189420,1,runtime
ichiran/dict:*split-map*,ichiran/dict:split-de-1245390,1,runtime
ichiran/dict:*split-map*,ichiran/dict:split-de-1270210,1,runtime
ichiran/dict:*split-map*,ichiran/dict:split-de-1272220,1,runtime
ichiran/dict:*split-map*,ichiran/dict:split-de-1311360,1,runtime
ichiran/dict:*split-map*,ichiran/dict:split-de-1343110,1,runtime
ichiran/dict:*split-map*,ichiran/dict:split-de-1368500,1,runtime
ichiran/dict:*split-map*,ichiran/dict:split-de-1395670,1,runtime
ichiran/dict:*split-map*,ichiran/dict:split-de-1417790,1,runtime
ichiran/dict:*split-map*,ichiran/dict:split-de-1454270,1,runtime
ichiran/dict:*split-map*,ichiran/dict:split-de-1479100,1,runtime
ichiran/dict:*split-map*,ichiran/dict:split-de-1510140,1,runtime
ichiran/dict:*split-map*,ichiran/dict:split-de-1518550,1,runtime
ichiran/dict:*split-map*,ichiran/dict:split-de-1530610,1,runtime
ichiran/dict:*split-map*,ichiran/dict:split-de-1531420,1,runtime
ichiran/dict:*split-map*,ichiran/dict:split-de-1597400,1,runtime
ichiran/dict:*split-map*,ichiran/dict:split-de-1611020,1,runtime
ichiran/dict:*split-map*,ichiran/dict:split-de-1679990,1,runtime
ichiran/dict:*split-map*,ichiran/dict:split-de-1682060,1,runtime
ichiran/dict:*split-map*,ichiran/dict:split-de-1736650,1,runtime
ichiran/dict:*split-map*,ichiran/dict:split-de-1865020,1,runtime
ichiran/dict:*split-map*,ichiran/dict:split-de-1878880,1,runtime
ichiran/dict:*split-map*,ichiran/dict:split-de-2126220,1,runtime
ichiran/dict:*split-map*,ichiran/dict:split-de-2136520,1,runtime
ichiran/dict:*split-map*,ichiran/dict:split-de-2513590,1,runtime
ichiran/dict:*split-map*,ichiran/dict:split-de-2719270,1,runtime
ichiran/dict:*split-map*,ichiran/dict:split-de-2771850,1,runtime
ichiran/dict:*split-map*,ichiran/dict:split-de-2810720,1,runtime
ichiran/dict:*split-map*,ichiran/dict:split-de-2810800,1,runtime
ichiran/dict:*split-map*,ichiran/dict:split-degozaimasu,1,runtime
ichiran/dict:*split-map*,ichiran/dict:split-desura,1,runtime
ichiran/dict:*split-map*,ichiran/dict:split-do-2142680,1,runtime
ichiran/dict:*split-map*,ichiran/dict:split-do-2142710,1,runtime
ichiran/dict:*split-map*,ichiran/dict:split-do-2523480,1,runtime
ichiran/dict:*split-map*,ichiran/dict:split-do-2803190,1,runtime
ichiran/dict:*split-map*,ichiran/dict:split-dogatsukeru,1,runtime
ichiran/dict:*split-map*,ichiran/dict:split-gotoni,1,runtime
ichiran/dict:*split-map*,ichiran/dict:split-hairikomeru,1,runtime
ichiran/dict:*split-map*,ichiran/dict:split-hajiketobu,1,runtime
ichiran/dict:*split-map*,ichiran/dict:split-hajikidasu,1,runtime
ichiran/dict:*split-map*,ichiran/dict:split-hayaimonode,1,runtime
ichiran/dict:*split-map*,ichiran/dict:split-hisshininatte,1,runtime
ichiran/dict:*split-map*,ichiran/dict:split-hitotachi,1,runtime
ichiran/dict:*split-map*,ichiran/dict:split-jan,1,runtime
ichiran/dict:*split-map*,ichiran/dict:split-janai,1,runtime
ichiran/dict:*split-map*,ichiran/dict:split-janaika,1,runtime
ichiran/dict:*split-map*,ichiran/dict:split-kaasan,1,runtime
ichiran/dict:*split-map*,ichiran/dict:split-kaisasae,1,runtime
ichiran/dict:*split-map*,ichiran/dict:split-katawonaraberu,1,runtime
ichiran/dict:*split-map*,ichiran/dict:split-kawaribae,1,runtime
ichiran/dict:*split-map*,ichiran/dict:split-kimatte,1,runtime
ichiran/dict:*split-map*,ichiran/dict:split-kinosei,1,runtime
ichiran/dict:*split-map*,ichiran/dict:split-kotonisuru,1,runtime
ichiran/dict:*split-map*,ichiran/dict:split-motteiku,1,runtime
ichiran/dict:*split-map*,ichiran/dict:split-moushiwakenasasou,1,runtime
ichiran/dict:*split-map*,ichiran/dict:split-nakunaru,1,runtime
ichiran/dict:*split-map*,ichiran/dict:split-nakunaru2,1,runtime
ichiran/dict:*split-map*,ichiran/dict:split-nanimokamo,1,runtime
ichiran/dict:*split-map*,ichiran/dict:split-nantokanaru,1,runtime
ichiran/dict:*split-map*,ichiran/dict:split-nara,1,runtime
ichiran/dict:*split-map*,ichiran/dict:split-nitotte,1,runtime
ichiran/dict:*split-map*,ichiran/dict:split-osagari,1,runtime
ichiran/dict:*split-map*,ichiran/dict:split-osoreiru,1,runtime
ichiran/dict:*split-map*,ichiran/dict:split-shi-1005700,1,runtime
ichiran/dict:*split-map*,ichiran/dict:split-shi-1005830,1,runtime
ichiran/dict:*split-map*,ichiran/dict:split-shi-1157200,1,runtime
ichiran/dict:*split-map*,ichiran/dict:split-shi-1157220,1,runtime
ichiran/dict:*split-map*,ichiran/dict:split-shi-1157230,1,runtime
ichiran/dict:*split-map*,ichiran/dict:split-shi-1157240,1,runtime
ichiran/dict:*split-map*,ichiran/dict:split-shi-1157280,1,runtime
ichiran/dict:*split-map*,ichiran/dict:split-shi-1157310,1,runtime
ichiran/dict:*split-map*,ichiran/dict:split-shi-1304820,1,runtime
ichiran/dict:*split-map*,ichiran/dict:split-shi-1304890,1,runtime
ichiran/dict:*split-map*,ichiran/dict:split-shi-1304960,1,runtime
ichiran/dict:*split-map*,ichiran/dict:split-shi-1305110,1,runtime
ichiran/dict:*split-map*,ichiran/dict:split-shi-1305280,1,runtime
ichiran/dict:*split-map*,ichiran/dict:split-shi-1305290,1,runtime
ichiran/dict:*split-map*,ichiran/dict:split-shi-1594300,1,runtime
ichiran/dict:*split-map*,ichiran/dict:split-shi-1594310,1,runtime
ichiran/dict:*split-map*,ichiran/dict:split-shi-1594460,1,runtime
ichiran/dict:*split-map*,ichiran/dict:split-shi-1594580,1,runtime
ichiran/dict:*split-map*,ichiran/dict:split-shi-2518250,1,runtime
ichiran/dict:*split-map*,ichiran/dict:split-shi-2858937,1,runtime
ichiran/dict:*split-map*,ichiran/dict:split-shinikakaru,1,runtime
ichiran/dict:*split-map*,ichiran/dict:split-souda,1,runtime
ichiran/dict:*split-map*,ichiran/dict:split-soudesu,1,runtime
ichiran/dict:*split-map*,ichiran/dict:split-tegakakaru,1,runtime
ichiran/dict:*split-map*,ichiran/dict:split-toiu,1,runtime
ichiran/dict:*split-map*,ichiran/dict:split-toiukotoda,1,runtime
ichiran/dict:*split-map*,ichiran/dict:split-tonaru,1,runtime
ichiran/dict:*split-map*,ichiran/dict:split-tonattara,1,runtime
ichiran/dict:*split-map*,ichiran/dict:split-toori-1164910,1,runtime
ichiran/dict:*split-map*,ichiran/dict:split-toori-1260990,1,runtime
ichiran/dict:*split-map*,ichiran/dict:split-toori-1368820,1,runtime
ichiran/dict:*split-map*,ichiran/dict:split-toori-1414570,1,runtime
ichiran/dict:*split-map*,ichiran/dict:split-toori-1424950,1,runtime
ichiran/dict:*split-map*,ichiran/dict:split-toori-1424960,1,runtime
ichiran/dict:*split-map*,ichiran/dict:split-toori-1462720,1,runtime
ichiran/dict:*split-map*,ichiran/dict:split-toori-1489800,1,runtime
ichiran/dict:*split-map*,ichiran/dict:split-toori-1523010,1,runtime
ichiran/dict:*split-map*,ichiran/dict:split-toori-1550490,1,runtime
ichiran/dict:*split-map*,ichiran/dict:split-toori-1619440,1,runtime
ichiran/dict:*split-map*,ichiran/dict:split-toori-1808080,1,runtime
ichiran/dict:*split-map*,ichiran/dict:split-toori-1820790,1,runtime
ichiran/dict:*suffix-list*,ichiran/dict:abbr-beba,1,runtime
ichiran/dict:*suffix-list*,ichiran/dict:abbr-dewanai,1,runtime
ichiran/dict:*suffix-list*,ichiran/dict:abbr-geba,1,runtime
ichiran/dict:*suffix-list*,ichiran/dict:abbr-ii,1,runtime
ichiran/dict:*suffix-list*,ichiran/dict:abbr-keba,1,runtime
ichiran/dict:*suffix-list*,ichiran/dict:abbr-meba,1,runtime
ichiran/dict:*suffix-list*,ichiran/dict:abbr-n,1,runtime
ichiran/dict:*suffix-list*,ichiran/dict:abbr-nakereba,1,runtime
ichiran/dict:*suffix-list*,ichiran/dict:abbr-neba,1,runtime
ichiran/dict:*suffix-list*,ichiran/dict:abbr-nee,1,runtime
ichiran/dict:*suffix-list*,ichiran/dict:abbr-nx,1,runtime
ichiran/dict:*suffix-list*,ichiran/dict:abbr-reba,1,runtime
ichiran/dict:*suffix-list*,ichiran/dict:abbr-seba,1,runtime
ichiran/dict:*suffix-list*,ichiran/dict:abbr-shimasho,1,runtime
ichiran/dict:*suffix-list*,ichiran/dict:abbr-teba,1,runtime
ichiran/dict:*suffix-list*,ichiran/dict:suffix-adv,1,runtime
ichiran/dict:*suffix-list*,ichiran/dict:suffix-chau,1,runtime
ichiran/dict:*suffix-list*,ichiran/dict:suffix-desho,1,runtime
ichiran/dict:*suffix-list*,ichiran/dict:suffix-desu,1,runtime
ichiran/dict:*suffix-list*,ichiran/dict:suffix-garu,1,runtime
ichiran/dict:*suffix-list*,ichiran/dict:suffix-iadj,1,runtime
ichiran/dict:*suffix-list*,ichiran/dict:suffix-kudasai,1,runtime
ichiran/dict:*suffix-list*,ichiran/dict:suffix-kurai,1,runtime
ichiran/dict:*suffix-list*,ichiran/dict:suffix-neg,1,runtime
ichiran/dict:*suffix-list*,ichiran/dict:suffix-ra,1,runtime
ichiran/dict:*suffix-list*,ichiran/dict:suffix-rashii,1,runtime
ichiran/dict:*suffix-list*,ichiran/dict:suffix-ren,1,runtime
ichiran/dict:*suffix-list*,ichiran/dict:suffix-ren-,1,runtime
ichiran/dict:*suffix-list*,ichiran/dict:suffix-rou,1,runtime
ichiran/dict:*suffix-list*,ichiran/dict:suffix-sa,1,runtime
ichiran/dict:*suffix-list*,ichiran/dict:suffix-sou,1,runtime
ichiran/dict:*suffix-list*,ichiran/dict:suffix-sou+,1,runtime
ichiran/dict:*suffix-list*,ichiran/dict:suffix-sugiru,1,runtime
ichiran/dict:*suffix-list*,ichiran/dict:suffix-suru,1,runtime
ichiran/dict:*suffix-list*,ichiran/dict:suffix-tai,1,runtime
ichiran/dict:*suffix-list*,ichiran/dict:suffix-te,1,runtime
ichiran/dict:*suffix-list*,ichiran/dict:suffix-te+space,1,runtime
ichiran/dict:*suffix-list*,ichiran/dict:suffix-te-ren,1,runtime
ichiran/dict:*suffix-list*,ichiran/dict:suffix-teii,1,runtime
ichiran/dict:*suffix-list*,ichiran/dict:suffix-teiru,1,runtime
ichiran/dict:*suffix-list*,ichiran/dict:suffix-teiru+,1,runtime
ichiran/dict:*suffix-list*,ichiran/dict:suffix-to,1,runtime
ichiran/dict:*suffix-list*,ichiran/dict:suffix-tosuru,1,runtime
ichiran/dict:*suffix-unique-only*,ichiran/dict:matches,0,runtime
ichiran/dict:*synergy-list*,ichiran/dict:synergy-kanji-prefix,1,runtime
ichiran/dict:*synergy-list*,ichiran/dict:synergy-na-adjectives,1,runtime
ichiran/dict:*synergy-list*,ichiran/dict:synergy-no-adjectives,1,runtime
ichiran/dict:*synergy-list*,ichiran/dict:synergy-no-da,1,runtime
ichiran/dict:*synergy-list*,ichiran/dict:synergy-no-toori,1,runtime
ichiran/dict:*synergy-list*,ichiran/dict:synergy-noun-da,1,runtime
ichiran/dict:*synergy-list*,ichiran/dict:synergy-noun-particle,1,runtime
ichiran/dict:*synergy-list*,ichiran/dict:synergy-o-prefix,1,runtime
ichiran/dict:*synergy-list*,ichiran/dict:synergy-oki,1,runtime
ichiran/dict:*synergy-list*,ichiran/dict:synergy-shicha-ikenai,1,runtime
ichiran/dict:*synergy-list*,ichiran/dict:synergy-shika-negative,1,runtime
ichiran/dict:*synergy-list*,ichiran/dict:synergy-sou-nanda,1,runtime
ichiran/dict:*synergy-list*,ichiran/dict:synergy-suffix-buri,1,runtime
ichiran/dict:*synergy-list*,ichiran/dict:synergy-suffix-chu,1,runtime
ichiran/dict:*synergy-list*,ichiran/dict:synergy-suffix-sei,1,runtime
ichiran/dict:*synergy-list*,ichiran/dict:synergy-suffix-tachi,1,runtime
ichiran/dict:*synergy-list*,ichiran/dict:synergy-to-adverbs,1,runtime
ichiran/dict:abbr-beba,ichiran/characters:destem,1,runtime
ichiran/dict:abbr-beba,ichiran/dict:find-word-full,1,runtime
ichiran/dict:abbr-beba,ichiran/dict:get-kana,1,runtime
ichiran/dict:abbr-dewanai,ichiran/characters:destem,1,runtime
ichiran/dict:abbr-dewanai,ichiran/dict:find-word-full,1,runtime
ichiran/dict:abbr-dewanai,ichiran/dict:get-kana,1,runtime
ichiran/dict:abbr-geba,ichiran/characters:destem,1,runtime
ichiran/dict:abbr-geba,ichiran/dict:find-word-full,1,runtime
ichiran/dict:abbr-geba,ichiran/dict:get-kana,1,runtime
ichiran/dict:abbr-ii,ichiran/characters:destem,1,runtime
ichiran/dict:abbr-ii,ichiran/dict:find-word-full,1,runtime
ichiran/dict:abbr-ii,ichiran/dict:get-kana,1,runtime
ichiran/dict:abbr-keba,ichiran/characters:destem,1,runtime
ichiran/dict:abbr-keba,ichiran/dict:find-word-full,1,runtime
ichiran/dict:abbr-keba,ichiran/dict:get-kana,1,runtime
ichiran/dict:abbr-meba,ichiran/characters:destem,1,runtime
ichiran/dict:abbr-meba,ichiran/dict:find-word-full,1,runtime
ichiran/dict:abbr-meba,ichiran/dict:get-kana,1,runtime
ichiran/dict:abbr-n,ichiran/characters:destem,1,runtime
ichiran/dict:abbr-n,ichiran/dict:conj-data-from,1,runtime
ichiran/dict:abbr-n,ichiran/dict:conj-data-prop,1,runtime
ichiran/dict:abbr-n,ichiran/dict:conj-neg,0,runtime
ichiran/dict:abbr-n,ichiran/dict:find-word-with-conj-prop,1,runtime
ichiran/dict:abbr-n,ichiran/dict:get-kana,1,runtime
ichiran/dict:abbr-nakereba,ichiran/characters:destem,1,runtime
ichiran/dict:abbr-nakereba,ichiran/dict:find-word-full,1,runtime
ichiran/dict:abbr-nakereba,ichiran/dict:get-kana,1,runtime
ichiran/dict:abbr-neba,ichiran/characters:destem,1,runtime
ichiran/dict:abbr-neba,ichiran/dict:find-word-full,1,runtime
ichiran/dict:abbr-neba,ichiran/dict:get-kana,1,runtime
ichiran/dict:abbr-nee,ichiran/characters:destem,1,runtime
ichiran/dict:abbr-nee,ichiran/dict:conj-data-from,1,runtime
ichiran/dict:abbr-nee,ichiran/dict:conj-data-prop,1,runtime
ichiran/dict:abbr-nee,ichiran/dict:conj-neg,0,runtime
ichiran/dict:abbr-nee,ichiran/dict:find-word-with-conj-prop,1,runtime
ichiran/dict:abbr-nee,ichiran/dict:get-kana,1,runtime
ichiran/dict:abbr-nx,ichiran/characters:destem,1,runtime
ichiran/dict:abbr-nx,ichiran/dict:conj-data-from,1,runtime
ichiran/dict:abbr-nx,ichiran/dict:conj-data-prop,1,runtime
ichiran/dict:abbr-nx,ichiran/dict:conj-neg,0,runtime
ichiran/dict:abbr-nx,ichiran/dict:find-word-conj-of,1,runtime
ichiran/dict:abbr-nx,ichiran/dict:find-word-with-conj-prop,1,runtime
ichiran/dict:abbr-nx,ichiran/dict:get-kana,1,runtime
ichiran/dict:abbr-reba,ichiran/characters:destem,1,runtime
ichiran/dict:abbr-reba,ichiran/dict:find-word-full,1,runtime
ichiran/dict:abbr-reba,ichiran/dict:get-kana,1,runtime
ichiran/dict:abbr-seba,ichiran/characters:destem,1,runtime
ichiran/dict:abbr-seba,ichiran/dict:find-word-full,1,runtime
ichiran/dict:abbr-seba,ichiran/dict:get-kana,1,runtime
ichiran/dict:abbr-shimasho,ichiran/characters:destem,1,runtime
ichiran/dict:abbr-shimasho,ichiran/dict:find-word-full,1,runtime
ichiran/dict:abbr-shimasho,ichiran/dict:get-kana,1,runtime
ichiran/dict:abbr-teba,ichiran/characters:destem,1,runtime
ichiran/dict:abbr-teba,ichiran/dict:find-word-full,1,runtime
ichiran/dict:abbr-teba,ichiran/dict:get-kana,1,runtime
ichiran/dict:add-conj,ichiran/characters:test-word,1,both
ichiran/dict:add-conj,ichiran/dict:conj-prop,1,source
ichiran/dict:add-conj,ichiran/dict:conj-source-reading,1,source
ichiran/dict:add-conj,ichiran/dict:conjugation,1,source
ichiran/dict:add-conj,ichiran/dict:entry,1,source
ichiran/dict:add-conj,ichiran/dict:find-conj,1,both
ichiran/dict:add-conj,ichiran/dict:id,0,runtime
ichiran/dict:add-conj,ichiran/dict:kana-text,1,source
ichiran/dict:add-conj,ichiran/dict:kanji-text,1,source
ichiran/dict:add-conj,ichiran/dict:next-seq,1,both
ichiran/dict:add-conj-reading,ichiran/characters:test-word,1,both
ichiran/dict:add-conj-reading,ichiran/dict:conj-source-reading,1,source
ichiran/dict:add-conj-reading,ichiran/dict:conjugate-p,0,runtime
ichiran/dict:add-conj-reading,ichiran/dict:conjugation,1,source
ichiran/dict:add-conj-reading,ichiran/dict:entry,1,source
ichiran/dict:add-conj-reading,ichiran/dict:id,0,runtime
ichiran/dict:add-conj-reading,ichiran/dict:kana-text,1,source
ichiran/dict:add-conj-reading,ichiran/dict:kanji-text,1,source
ichiran/dict:add-conj-reading,ichiran/dict:n-kana,0,runtime
ichiran/dict:add-conj-reading,ichiran/dict:n-kanji,0,runtime
ichiran/dict:add-conj-reading,ichiran/dict:root-diff-fn,1,both
ichiran/dict:add-conj-reading,ichiran/dict:seq,0,runtime
ichiran/dict:add-deha-ja-readings,ichiran/dict:add-reading,1,both
ichiran/dict:add-deha-ja-readings,ichiran/dict:conj-source-reading,1,source
ichiran/dict:add-deha-ja-readings,ichiran/dict:conjugation,1,source
ichiran/dict:add-deha-ja-readings,ichiran/dict:kana-text,1,source
ichiran/dict:add-errata,ichiran/custom:load-custom-data,1,both
ichiran/dict:add-errata,ichiran/dict:add-deha-ja-readings,1,both
ichiran/dict:add-errata,ichiran/dict:add-errata-apr19,1,both
ichiran/dict:add-errata,ichiran/dict:add-errata-apr20,1,both
ichiran/dict:add-errata,ichiran/dict:add-errata-aug18,1,both
ichiran/dict:add-errata,ichiran/dict:add-errata-counters,1,both
ichiran/dict:add-errata,ichiran/dict:add-errata-dec23,1,both
ichiran/dict:add-errata,ichiran/dict:add-errata-feb17,1,both
ichiran/dict:add-errata,ichiran/dict:add-errata-jan18,1,both
ichiran/dict:add-errata,ichiran/dict:add-errata-jan19,1,both
ichiran/dict:add-errata,ichiran/dict:add-errata-jan20,1,both
ichiran/dict:add-errata,ichiran/dict:add-errata-jan21,1,both
ichiran/dict:add-errata,ichiran/dict:add-errata-jan22,1,both
ichiran/dict:add-errata,ichiran/dict:add-errata-jan25,1,both
ichiran/dict:add-errata,ichiran/dict:add-errata-jan26,1,both
ichiran/dict:add-errata,ichiran/dict:add-errata-jul20,1,both
ichiran/dict:add-errata,ichiran/dict:add-errata-mar18,1,both
ichiran/dict:add-errata,ichiran/dict:add-errata-may21,1,both
ichiran/dict:add-errata,ichiran/dict:add-gozaimasu-conjs,1,both
ichiran/dict:add-errata,ichiran/dict:add-primary-nokanji,1,both
ichiran/dict:add-errata,ichiran/dict:add-reading,1,both
ichiran/dict:add-errata,ichiran/dict:add-sense-prop,1,both
ichiran/dict:add-errata,ichiran/dict:conjugate-da,1,both
ichiran/dict:add-errata,ichiran/dict:delete-conjugation,1,both
ichiran/dict:add-errata,ichiran/dict:delete-reading,1,both
ichiran/dict:add-errata,ichiran/dict:delete-sense-prop,1,both
ichiran/dict:add-errata,ichiran/dict:delete-senses,1,both
ichiran/dict:add-errata,ichiran/dict:entry,1,source
ichiran/dict:add-errata,ichiran/dict:kana-text,1,source
ichiran/dict:add-errata,ichiran/dict:kanji-text,1,source
ichiran/dict:add-errata,ichiran/dict:rearrange-readings-conj,1,both
ichiran/dict:add-errata,ichiran/dict:remove-hiragana-nokanji,1,both
ichiran/dict:add-errata,ichiran/dict:set-common,1,both
ichiran/dict:add-errata,ichiran/dict:set-primary-nokanji,1,both
ichiran/dict:add-errata,ichiran/dict:tag,0,runtime
ichiran/dict:add-errata-apr19,ichiran/dict:add-sense-prop,1,both
ichiran/dict:add-errata-apr19,ichiran/dict:delete-reading,1,both
ichiran/dict:add-errata-apr19,ichiran/dict:kana-text,1,source
ichiran/dict:add-errata-apr19,ichiran/dict:kanji-text,1,source
ichiran/dict:add-errata-apr19,ichiran/dict:set-common,1,both
ichiran/dict:add-errata-apr19,ichiran/dict:set-primary-nokanji,1,both
ichiran/dict:add-errata-apr20,ichiran/dict:add-new-sense*,1,both
ichiran/dict:add-errata-apr20,ichiran/dict:add-sense-prop,1,both
ichiran/dict:add-errata-apr20,ichiran/dict:kana-text,1,source
ichiran/dict:add-errata-apr20,ichiran/dict:set-common,1,both
ichiran/dict:add-errata-aug18,ichiran/dict:add-primary-nokanji,1,both
ichiran/dict:add-errata-aug18,ichiran/dict:add-reading,1,both
ichiran/dict:add-errata-aug18,ichiran/dict:add-sense-prop,1,both
ichiran/dict:add-errata-aug18,ichiran/dict:delete-sense-prop,1,both
ichiran/dict:add-errata-aug18,ichiran/dict:kana-text,1,source
ichiran/dict:add-errata-aug18,ichiran/dict:kanji-text,1,source
ichiran/dict:add-errata-aug18,ichiran/dict:set-common,1,both
ichiran/dict:add-errata-counters,ichiran/dict:add-gloss,1,both
ichiran/dict:add-errata-counters,ichiran/dict:add-new-sense*,1,both
ichiran/dict:add-errata-counters,ichiran/dict:add-reading,1,both
ichiran/dict:add-errata-counters,ichiran/dict:add-sense-prop,1,both
ichiran/dict:add-errata-counters,ichiran/dict:delete-reading,1,both
ichiran/dict:add-errata-counters,ichiran/dict:kanji-text,1,source
ichiran/dict:add-errata-counters,ichiran/dict:set-reading,1,both
ichiran/dict:add-errata-dec23,ichiran/dict:add-sense-prop,1,both
ichiran/dict:add-errata-dec23,ichiran/dict:delete-sense-prop,1,both
ichiran/dict:add-errata-dec23,ichiran/dict:kana-text,1,source
ichiran/dict:add-errata-dec23,ichiran/dict:kanji-text,1,source
ichiran/dict:add-errata-dec23,ichiran/dict:set-common,1,both
ichiran/dict:add-errata-feb17,ichiran/dict:add-reading,1,both
ichiran/dict:add-errata-feb17,ichiran/dict:add-sense-prop,1,both
ichiran/dict:add-errata-feb17,ichiran/dict:delete-sense-prop,1,both
ichiran/dict:add-errata-feb17,ichiran/dict:kana-text,1,source
ichiran/dict:add-errata-feb17,ichiran/dict:kanji-text,1,source
ichiran/dict:add-errata-feb17,ichiran/dict:set-common,1,both
ichiran/dict:add-errata-feb17,ichiran/dict:set-primary-nokanji,1,both
ichiran/dict:add-errata-jan18,ichiran/dict:add-reading,1,both
ichiran/dict:add-errata-jan18,ichiran/dict:add-sense-prop,1,both
ichiran/dict:add-errata-jan18,ichiran/dict:delete-sense-prop,1,both
ichiran/dict:add-errata-jan18,ichiran/dict:kana-text,1,source
ichiran/dict:add-errata-jan18,ichiran/dict:kanji-text,1,source
ichiran/dict:add-errata-jan18,ichiran/dict:set-common,1,both
ichiran/dict:add-errata-jan18,ichiran/dict:set-primary-nokanji,1,both
ichiran/dict:add-errata-jan19,ichiran/dict:add-conj-reading,1,both
ichiran/dict:add-errata-jan19,ichiran/dict:add-reading,1,both
ichiran/dict:add-errata-jan19,ichiran/dict:add-sense-prop,1,both
ichiran/dict:add-errata-jan19,ichiran/dict:delete-reading,1,both
ichiran/dict:add-errata-jan19,ichiran/dict:delete-sense-prop,1,both
ichiran/dict:add-errata-jan19,ichiran/dict:kana-text,1,source
ichiran/dict:add-errata-jan19,ichiran/dict:kanji-text,1,source
ichiran/dict:add-errata-jan19,ichiran/dict:set-common,1,both
ichiran/dict:add-errata-jan19,ichiran/dict:set-primary-nokanji,1,both
ichiran/dict:add-errata-jan20,ichiran/dict:add-conj-reading,1,both
ichiran/dict:add-errata-jan20,ichiran/dict:add-reading,1,both
ichiran/dict:add-errata-jan20,ichiran/dict:add-sense-prop,1,both
ichiran/dict:add-errata-jan20,ichiran/dict:delete-reading,1,both
ichiran/dict:add-errata-jan20,ichiran/dict:delete-sense-prop,1,both
ichiran/dict:add-errata-jan20,ichiran/dict:kana-text,1,source
ichiran/dict:add-errata-jan20,ichiran/dict:kanji-text,1,source
ichiran/dict:add-errata-jan20,ichiran/dict:set-common,1,both
ichiran/dict:add-errata-jan20,ichiran/dict:set-primary-nokanji,1,both
ichiran/dict:add-errata-jan21,ichiran/dict:add-sense-prop,1,both
ichiran/dict:add-errata-jan21,ichiran/dict:delete-sense-prop,1,both
ichiran/dict:add-errata-jan21,ichiran/dict:kana-text,1,source
ichiran/dict:add-errata-jan21,ichiran/dict:kanji-text,1,source
ichiran/dict:add-errata-jan21,ichiran/dict:replace-reading,1,both
ichiran/dict:add-errata-jan21,ichiran/dict:set-common,1,both
ichiran/dict:add-errata-jan22,ichiran/dict:add-conj-reading,1,both
ichiran/dict:add-errata-jan22,ichiran/dict:add-reading,1,both
ichiran/dict:add-errata-jan22,ichiran/dict:add-sense-prop,1,both
ichiran/dict:add-errata-jan22,ichiran/dict:delete-sense-prop,1,both
ichiran/dict:add-errata-jan22,ichiran/dict:kana-text,1,source
ichiran/dict:add-errata-jan22,ichiran/dict:set-common,1,both
ichiran/dict:add-errata-jan25,ichiran/dict:add-sense-prop,1,both
ichiran/dict:add-errata-jan25,ichiran/dict:delete-reading,1,both
ichiran/dict:add-errata-jan25,ichiran/dict:delete-sense-prop,1,both
ichiran/dict:add-errata-jan25,ichiran/dict:kana-text,1,source
ichiran/dict:add-errata-jan25,ichiran/dict:replace-reading,1,both
ichiran/dict:add-errata-jan25,ichiran/dict:replace-reading-conj,1,both
ichiran/dict:add-errata-jan25,ichiran/dict:set-common,1,both
ichiran/dict:add-errata-jan26,ichiran/dict:delete-sense-prop,1,both
ichiran/dict:add-errata-jan26,ichiran/dict:kana-text,1,source
ichiran/dict:add-errata-jan26,ichiran/dict:kanji-text,1,source
ichiran/dict:add-errata-jan26,ichiran/dict:set-common,1,both
ichiran/dict:add-errata-jan26,ichiran/dict:set-primary-nokanji,1,both
ichiran/dict:add-errata-jul20,ichiran/dict:add-primary-nokanji,1,both
ichiran/dict:add-errata-jul20,ichiran/dict:add-reading,1,both
ichiran/dict:add-errata-jul20,ichiran/dict:add-sense-prop,1,both
ichiran/dict:add-errata-jul20,ichiran/dict:delete-sense-prop,1,both
ichiran/dict:add-errata-jul20,ichiran/dict:kana-text,1,source
ichiran/dict:add-errata-jul20,ichiran/dict:kanji-text,1,source
ichiran/dict:add-errata-jul20,ichiran/dict:rearrange-readings-conj,1,both
ichiran/dict:add-errata-jul20,ichiran/dict:set-common,1,both
ichiran/dict:add-errata-jul20,ichiran/dict:set-primary-nokanji,1,both
ichiran/dict:add-errata-mar18,ichiran/dict:add-new-sense*,1,both
ichiran/dict:add-errata-mar18,ichiran/dict:add-sense-prop,1,both
ichiran/dict:add-errata-mar18,ichiran/dict:delete-sense-prop,1,both
ichiran/dict:add-errata-mar18,ichiran/dict:kana-text,1,source
ichiran/dict:add-errata-mar18,ichiran/dict:kanji-text,1,source
ichiran/dict:add-errata-mar18,ichiran/dict:set-common,1,both
ichiran/dict:add-errata-mar18,ichiran/dict:set-primary-nokanji,1,both
ichiran/dict:add-errata-may21,ichiran/dict:add-reading,1,both
ichiran/dict:add-errata-may21,ichiran/dict:delete-sense-prop,1,both
ichiran/dict:add-errata-may21,ichiran/dict:kana-text,1,source
ichiran/dict:add-errata-may21,ichiran/dict:kanji-text,1,source
ichiran/dict:add-errata-may21,ichiran/dict:set-common,1,both
ichiran/dict:add-gloss,ichiran/dict:gloss,1,source
ichiran/dict:add-gloss,ichiran/dict:ord,0,runtime
ichiran/dict:add-gloss,ichiran/dict:sense,1,source
ichiran/dict:add-gozaimasu-conjs,ichiran/dict:add-conj,1,both
ichiran/dict:add-gozaimasu-conjs,ichiran/dict:apply-patch,1,both
ichiran/dict:add-gozaimasu-conjs,ichiran/dict:conjugation,1,source
ichiran/dict:add-gozaimasu-conjs,ichiran/dict:delete-conjugation,1,both
ichiran/dict:add-gozaimasu-conjs,ichiran/dict:get-all-readings,1,both
ichiran/dict:add-gozaimasu-conjs,ichiran/dict:seq,0,runtime
ichiran/dict:add-gozaimasu-conjs,ichiran/dict:seq-from,0,runtime
ichiran/dict:add-new-sense,ichiran/dict:get-senses-raw,1,both
ichiran/dict:add-new-sense,ichiran/dict:gloss,1,source
ichiran/dict:add-new-sense,ichiran/dict:id,0,runtime
ichiran/dict:add-new-sense,ichiran/dict:sense,1,source
ichiran/dict:add-new-sense,ichiran/dict:sense-exists-p,1,both
ichiran/dict:add-new-sense,ichiran/dict:sense-prop,1,source
ichiran/dict:add-new-sense*,ichiran/dict:add-new-sense,1,both
ichiran/dict:add-primary-nokanji,ichiran/dict:do-readings,1,source
ichiran/dict:add-primary-nokanji,ichiran/dict:kana-text,1,source
ichiran/dict:add-primary-nokanji,ichiran/dict:set-primary-nokanji,1,both
ichiran/dict:add-reading,ichiran/characters:test-word,1,both
ichiran/dict:add-reading,ichiran/dict:entry,1,source
ichiran/dict:add-reading,ichiran/dict:kana-text,1,source
ichiran/dict:add-reading,ichiran/dict:kanji-text,1,source
ichiran/dict:add-reading,ichiran/dict:n-kana,0,runtime
ichiran/dict:add-reading,ichiran/dict:n-kanji,0,runtime
ichiran/dict:add-sense,ichiran/dict:gloss,1,source
ichiran/dict:add-sense,ichiran/dict:id,0,runtime
ichiran/dict:add-sense,ichiran/dict:sense,1,source
ichiran/dict:add-sense-prop,ichiran/dict:id,0,runtime
ichiran/dict:add-sense-prop,ichiran/dict:sense,1,source
ichiran/dict:add-sense-prop,ichiran/dict:sense-prop,1,source
ichiran/dict:adjoin-word,ichiran/dict:compound-text,1,source
ichiran/dict:adjoin-word,ichiran/dict:get-kana,1,source
ichiran/dict:adjoin-word,ichiran/dict:get-text,1,source
ichiran/dict:adjoin-word,ichiran/dict:score-base,1,source
ichiran/dict:adjoin-word,ichiran/dict:simple-text,1,source
ichiran/dict:apply-segfilters,ichiran/dict:*segfilter-list*,1,source
ichiran/dict:best-kana-conj,ichiran/characters:kanji-cross-match,1,both
ichiran/dict:best-kana-conj,ichiran/characters:kanji-regex,1,both
ichiran/dict:best-kana-conj,ichiran/dict:best-kana,0,runtime
ichiran/dict:best-kana-conj,ichiran/dict:best-kana-conj,1,runtime
ichiran/dict:best-kana-conj,ichiran/dict:conj-source-reading,1,source
ichiran/dict:best-kana-conj,ichiran/dict:kanji-text,1,source
ichiran/dict:best-kana-conj,ichiran/dict:query-parents-kanji,1,both
ichiran/dict:best-kana-conj,ichiran/dict:seq,0,runtime
ichiran/dict:best-kana-conj,ichiran/dict:word-conjugations,0,runtime
ichiran/dict:best-kanji-conj,ichiran/characters:kanji-match,1,both
ichiran/dict:best-kanji-conj,ichiran/dict:best-kanji,0,runtime
ichiran/dict:best-kanji-conj,ichiran/dict:best-kanji-conj,1,runtime
ichiran/dict:best-kanji-conj,ichiran/dict:conj-source-reading,1,source
ichiran/dict:best-kanji-conj,ichiran/dict:entry,1,source
ichiran/dict:best-kanji-conj,ichiran/dict:kana-text,1,source
ichiran/dict:best-kanji-conj,ichiran/dict:n-kanji,0,runtime
ichiran/dict:best-kanji-conj,ichiran/dict:nokanji,0,runtime
ichiran/dict:best-kanji-conj,ichiran/dict:query-parents-kana,1,both
ichiran/dict:best-kanji-conj,ichiran/dict:seq,0,runtime
ichiran/dict:best-kanji-conj,ichiran/dict:word-conjugations,0,runtime
ichiran/dict:calc-score,ichiran/characters:count-char-class,1,both
ichiran/dict:calc-score,ichiran/characters:mora-length,1,both
ichiran/dict:calc-score,ichiran/dict:*copulae*,1,both
ichiran/dict:calc-score,ichiran/dict:*final-prt*,1,both
ichiran/dict:calc-score,ichiran/dict:*non-final-prt*,1,both
ichiran/dict:calc-score,ichiran/dict:*semi-final-prt*,1,both
ichiran/dict:calc-score,ichiran/dict:*skip-words*,1,both
ichiran/dict:calc-score,ichiran/dict:*weak-conj-forms*,1,both
ichiran/dict:calc-score,ichiran/dict:apply-score-mod,1,both
ichiran/dict:calc-score,ichiran/dict:args,0,runtime
ichiran/dict:calc-score,ichiran/dict:calc-score,1,runtime
ichiran/dict:calc-score,ichiran/dict:cnt,0,runtime
ichiran/dict:calc-score,ichiran/dict:collect,0,runtime
ichiran/dict:calc-score,ichiran/dict:common,0,runtime
ichiran/dict:calc-score,ichiran/dict:common-bonus,0,runtime
ichiran/dict:calc-score,ichiran/dict:common-of,0,runtime
ichiran/dict:calc-score,ichiran/dict:common-p,0,runtime
ichiran/dict:calc-score,ichiran/dict:compare-common,1,both
ichiran/dict:calc-score,ichiran/dict:compound-text,1,both
ichiran/dict:calc-score,ichiran/dict:conj-data,1,both
ichiran/dict:calc-score,ichiran/dict:conj-data-from,1,both
ichiran/dict:calc-score,ichiran/dict:conj-data-prop,1,both
ichiran/dict:calc-score,ichiran/dict:conj-data-via,1,both
ichiran/dict:calc-score,ichiran/dict:conj-of,0,runtime
ichiran/dict:calc-score,ichiran/dict:conj-of-common,0,runtime
ichiran/dict:calc-score,ichiran/dict:conj-of-data,0,runtime
ichiran/dict:calc-score,ichiran/dict:conj-of-ord,0,runtime
ichiran/dict:calc-score,ichiran/dict:conj-only,0,runtime
ichiran/dict:calc-score,ichiran/dict:conj-props,0,runtime
ichiran/dict:calc-score,ichiran/dict:conj-type,0,runtime
ichiran/dict:calc-score,ichiran/dict:conj-types,0,runtime
ichiran/dict:calc-score,ichiran/dict:conj-types-p,0,runtime
ichiran/dict:calc-score,ichiran/dict:cop-da-p,0,runtime
ichiran/dict:calc-score,ichiran/dict:counter-text,1,both
ichiran/dict:calc-score,ichiran/dict:ctr-mode,0,runtime
ichiran/dict:calc-score,ichiran/dict:entry,1,both
ichiran/dict:calc-score,ichiran/dict:final,0,runtime
ichiran/dict:calc-score,ichiran/dict:finally,0,runtime
ichiran/dict:calc-score,ichiran/dict:for,0,runtime
ichiran/dict:calc-score,ichiran/dict:from,0,runtime
ichiran/dict:calc-score,ichiran/dict:get-non-arch-posi,1,both
ichiran/dict:calc-score,ichiran/dict:get-original-text,1,both
ichiran/dict:calc-score,ichiran/dict:get-split,1,both
ichiran/dict:calc-score,ichiran/dict:id,0,runtime
ichiran/dict:calc-score,ichiran/dict:in,0,runtime
ichiran/dict:calc-score,ichiran/dict:info,0,runtime
ichiran/dict:calc-score,ichiran/dict:into,0,runtime
ichiran/dict:calc-score,ichiran/dict:is-arch,1,both
ichiran/dict:calc-score,ichiran/dict:kanji-break,0,runtime
ichiran/dict:calc-score,ichiran/dict:kanji-break-penalty,1,both
ichiran/dict:calc-score,ichiran/dict:kanji-p,0,runtime
ichiran/dict:calc-score,ichiran/dict:katakana-p,0,runtime
ichiran/dict:calc-score,ichiran/dict:len,0,runtime
ichiran/dict:calc-score,ichiran/dict:length-multiplier-coeff,1,both
ichiran/dict:calc-score,ichiran/dict:long-p,0,runtime
ichiran/dict:calc-score,ichiran/dict:n-kanji,0,runtime
ichiran/dict:calc-score,ichiran/dict:new-len,0,runtime
ichiran/dict:calc-score,ichiran/dict:new-prop-score,0,runtime
ichiran/dict:calc-score,ichiran/dict:no-common-bonus,0,runtime
ichiran/dict:calc-score,ichiran/dict:nokanji,0,runtime
ichiran/dict:calc-score,ichiran/dict:non-final-particle-p,0,runtime
ichiran/dict:calc-score,ichiran/dict:nparts,0,runtime
ichiran/dict:calc-score,ichiran/dict:of-type,0,runtime
ichiran/dict:calc-score,ichiran/dict:ord,0,runtime
ichiran/dict:calc-score,ichiran/dict:ot,0,runtime
ichiran/dict:calc-score,ichiran/dict:part,0,runtime
ichiran/dict:calc-score,ichiran/dict:part-score,0,runtime
ichiran/dict:calc-score,ichiran/dict:part-scores,0,runtime
ichiran/dict:calc-score,ichiran/dict:particle-p,0,runtime
ichiran/dict:calc-score,ichiran/dict:plen,0,runtime
ichiran/dict:calc-score,ichiran/dict:pmlen,0,runtime
ichiran/dict:calc-score,ichiran/dict:posi,0,runtime
ichiran/dict:calc-score,ichiran/dict:prefer-kana,0,runtime
ichiran/dict:calc-score,ichiran/dict:primary-nokanji,0,runtime
ichiran/dict:calc-score,ichiran/dict:primary-p,0,runtime
ichiran/dict:calc-score,ichiran/dict:pronoun-p,0,runtime
ichiran/dict:calc-score,ichiran/dict:prop,0,runtime
ichiran/dict:calc-score,ichiran/dict:prop-score,0,runtime
ichiran/dict:calc-score,ichiran/dict:proxy-text,1,both
ichiran/dict:calc-score,ichiran/dict:ptext,0,runtime
ichiran/dict:calc-score,ichiran/dict:reading,0,runtime
ichiran/dict:calc-score,ichiran/dict:root-p,0,runtime
ichiran/dict:calc-score,ichiran/dict:row,0,runtime
ichiran/dict:calc-score,ichiran/dict:score,0,runtime
ichiran/dict:calc-score,ichiran/dict:score-base,1,both
ichiran/dict:calc-score,ichiran/dict:score-mod,0,runtime
ichiran/dict:calc-score,ichiran/dict:score-mod-split,0,runtime
ichiran/dict:calc-score,ichiran/dict:secondary-conj-p,0,runtime
ichiran/dict:calc-score,ichiran/dict:semi-final-particle-p,0,runtime
ichiran/dict:calc-score,ichiran/dict:sense,1,both
ichiran/dict:calc-score,ichiran/dict:sense-id,0,runtime
ichiran/dict:calc-score,ichiran/dict:sense-prop,1,both
ichiran/dict:calc-score,ichiran/dict:seq,0,runtime
ichiran/dict:calc-score,ichiran/dict:seq-set,0,runtime
ichiran/dict:calc-score,ichiran/dict:skip-by-conj-data,1,both
ichiran/dict:calc-score,ichiran/dict:slen,0,runtime
ichiran/dict:calc-score,ichiran/dict:smlen,0,runtime
ichiran/dict:calc-score,ichiran/dict:sp-seq-set,0,runtime
ichiran/dict:calc-score,ichiran/dict:split,0,runtime
ichiran/dict:calc-score,ichiran/dict:split-info,0,runtime
ichiran/dict:calc-score,ichiran/dict:tag,0,runtime
ichiran/dict:calc-score,ichiran/dict:test-conj-prop,1,both
ichiran/dict:calc-score,ichiran/dict:then,0,runtime
ichiran/dict:calc-score,ichiran/dict:tpart,0,runtime
ichiran/dict:calc-score,ichiran/dict:true-text,1,both
ichiran/dict:calc-score,ichiran/dict:use-length,0,runtime
ichiran/dict:calc-score,ichiran/dict:use-length-bonus,0,runtime
ichiran/dict:calc-score,ichiran/dict:wc,0,runtime
ichiran/dict:calc-score,ichiran/dict:with,0,runtime
ichiran/dict:calc-score,ichiran/dict:word-conj-data,1,both
ichiran/dict:calc-score,ichiran/dict:word-conjugations,0,runtime
ichiran/dict:calc-score,ichiran/dict:word-type,1,both
ichiran/dict:check-easy-hints,ichiran/conn:get-spec,1,runtime
ichiran/dict:check-easy-hints,ichiran/conn:with-db,1,source
ichiran/dict:check-easy-hints,ichiran/dict:*disable-hints*,1,source
ichiran/dict:check-easy-hints,ichiran/dict:*easy-hints-seqs*,1,source
ichiran/dict:check-easy-hints,ichiran/dict:kana-text,1,source
ichiran/dict:check-easy-hints,ichiran/dict:true-kana,1,both
ichiran/dict:check-easy-hints,ichiran/dict:true-kanji,1,both
ichiran/dict:check-easy-hints,ichiran/kanji:match-readings,1,both
ichiran/dict:conj-info-json,ichiran/dict:conj-info-json*,1,both
ichiran/dict:conj-info-json*,ichiran/dict:conj-info-json,1,both
ichiran/dict:conj-info-json*,ichiran/dict:conj-prop,1,source
ichiran/dict:conj-info-json*,ichiran/dict:conj-prop-json,1,both
ichiran/dict:conj-info-json*,ichiran/dict:find-words-seqs,1,both
ichiran/dict:conj-info-json*,ichiran/dict:get-conj-data,1,both
ichiran/dict:conj-info-json*,ichiran/dict:get-original-text-once,1,both
ichiran/dict:conj-info-json*,ichiran/dict:get-senses-json,1,both
ichiran/dict:conj-info-json*,ichiran/dict:id,0,runtime
ichiran/dict:conj-info-json*,ichiran/dict:pos,0,runtime
ichiran/dict:conj-info-json*,ichiran/dict:reading-str,1,both
ichiran/dict:conj-info-json*,ichiran/dict:select-conjs-and-props,1,both
ichiran/dict:conj-info-json*,ichiran/dict:seq-from,0,runtime
ichiran/dict:conj-info-json*,ichiran/dict:seq-via,0,runtime
ichiran/dict:conj-info-short,ichiran/dict:conj-fml,0,runtime
ichiran/dict:conj-info-short,ichiran/dict:conj-neg,0,runtime
ichiran/dict:conj-info-short,ichiran/dict:conj-type,0,runtime
ichiran/dict:conj-info-short,ichiran/dict:get-conj-description,1,both
ichiran/dict:conj-info-short,ichiran/dict:pos,0,runtime
ichiran/dict:conj-prop-json,ichiran/dict:conj-fml,0,runtime
ichiran/dict:conj-prop-json,ichiran/dict:conj-neg,0,runtime
ichiran/dict:conj-prop-json,ichiran/dict:conj-type,0,runtime
ichiran/dict:conj-prop-json,ichiran/dict:get-conj-description,1,both
ichiran/dict:conj-prop-json,ichiran/dict:pos,0,runtime
ichiran/dict:conjugate-da,ichiran/dict:add-sense-prop,1,both
ichiran/dict:conjugate-da,ichiran/dict:conjugate-entry-outer,1,both
ichiran/dict:conjugate-da,ichiran/dict:sense-prop,1,source
ichiran/dict:conjugate-entry-inner,ichiran/dict:*do-not-conjugate*,1,source
ichiran/dict:conjugate-entry-inner,ichiran/dict:construct-conjugation,1,both
ichiran/dict:conjugate-entry-inner,ichiran/dict:cr-conj,1,both
ichiran/dict:conjugate-entry-inner,ichiran/dict:cr-fml,1,both
ichiran/dict:conjugate-entry-inner,ichiran/dict:cr-neg,1,both
ichiran/dict:conjugate-entry-inner,ichiran/dict:cr-onum,1,both
ichiran/dict:conjugate-entry-inner,ichiran/dict:get-conj-rules,1,both
ichiran/dict:conjugate-entry-inner,ichiran/dict:get-pos-index,1,both
ichiran/dict:conjugate-entry-inner,ichiran/dict:kana-text,1,source
ichiran/dict:conjugate-entry-inner,ichiran/dict:kanji-text,1,source
ichiran/dict:conjugate-entry-inner,ichiran/dict:sense-prop,1,source
ichiran/dict:conjugate-entry-outer,ichiran/dict:conjugate-entry-inner,1,both
ichiran/dict:conjugate-entry-outer,ichiran/dict:get-all-readings,1,both
ichiran/dict:conjugate-entry-outer,ichiran/dict:get-pos,1,both
ichiran/dict:conjugate-entry-outer,ichiran/dict:insert-conjugation,1,both
ichiran/dict:conjugate-entry-outer,ichiran/dict:next-seq,1,both
ichiran/dict:conjugate-word,ichiran/dict:construct-conjugation,1,both
ichiran/dict:conjugate-word,ichiran/dict:get-conj-rules,1,both
ichiran/dict:conjugate-word,ichiran/dict:get-pos-index,1,both
ichiran/dict:construct-conjugation,ichiran/characters:test-word,1,both
ichiran/dict:construct-conjugation,ichiran/dict:cr-euphk,1,both
ichiran/dict:construct-conjugation,ichiran/dict:cr-euphr,1,both
ichiran/dict:construct-conjugation,ichiran/dict:cr-okuri,1,both
ichiran/dict:construct-conjugation,ichiran/dict:cr-stem,1,both
ichiran/dict:counter-age,ichiran/dict:counter-text,1,runtime
ichiran/dict:counter-days-kun,ichiran/dict:counter-text,1,runtime
ichiran/dict:counter-days-on,ichiran/dict:counter-text,1,runtime
ichiran/dict:counter-halfhour,ichiran/dict:counter-text,1,runtime
ichiran/dict:counter-hifumi,ichiran/dict:counter-text,1,runtime
ichiran/dict:counter-join,ichiran/characters:*char-class-hash*,1,source
ichiran/dict:counter-join,ichiran/characters:geminate,1,source
ichiran/dict:counter-join,ichiran/characters:rendaku,1,source
ichiran/dict:counter-join,ichiran/dict:counter-text,1,source
ichiran/dict:counter-join,ichiran/dict:get-digit,1,source
ichiran/dict:counter-join,ichiran/numbers:*digit-to-kana*,1,source
ichiran/dict:counter-join,ichiran/numbers:*power-to-kana*,1,source
ichiran/dict:counter-months,ichiran/dict:counter-text,1,runtime
ichiran/dict:counter-people,ichiran/dict:counter-text,1,runtime
ichiran/dict:counter-tsu,ichiran/dict:counter-text,1,runtime
ichiran/dict:counter-wari,ichiran/dict:counter-text,1,runtime
ichiran/dict:cull-segments,ichiran/dict:*identical-word-score-cutoff*,1,source
ichiran/dict:cull-segments,ichiran/dict:compare-common,1,both
ichiran/dict:cull-segments,ichiran/dict:segment-info,1,both
ichiran/dict:cull-segments,ichiran/dict:segment-score,1,both
ichiran/dict:def-abbr-suffix,ichiran/characters:destem,1,source
ichiran/dict:def-abbr-suffix,ichiran/dict:*suffix-map-temp*,1,source
ichiran/dict:def-abbr-suffix,ichiran/dict:compound-text,1,source
ichiran/dict:def-abbr-suffix,ichiran/dict:defsuffix,1,source
ichiran/dict:def-abbr-suffix,ichiran/dict:get-kana,1,source
ichiran/dict:def-abbr-suffix,ichiran/dict:proxy-text,1,source
ichiran/dict:def-abbr-suffix,ichiran/dict:simple-text,1,source
ichiran/dict:def-de-split,ichiran/dict:def-simple-split,1,source
ichiran/dict:def-do-split,ichiran/dict:def-simple-split,1,source
ichiran/dict:def-easy-hint,ichiran/characters:match-diff,1,source
ichiran/dict:def-easy-hint,ichiran/dict:*easy-hints-seqs*,1,source
ichiran/dict:def-easy-hint,ichiran/dict:defhint,1,source
ichiran/dict:def-easy-hint,ichiran/dict:get-kana,1,source
ichiran/dict:def-easy-hint,ichiran/dict:insert-hints,1,source
ichiran/dict:def-easy-hint,ichiran/dict:simple-text,1,source
ichiran/dict:def-easy-hint,ichiran/dict:translate-hints,1,source
ichiran/dict:def-easy-hint,ichiran/dict:true-kana,1,source
ichiran/dict:def-easy-hint,ichiran/dict:true-kanji,1,source
ichiran/dict:def-easy-hint,ichiran/kanji:match-readings,1,source
ichiran/dict:def-generic-penalty,ichiran/dict:defpenalty,1,source
ichiran/dict:def-generic-penalty,ichiran/dict:make-synergy,1,source
ichiran/dict:def-generic-penalty,ichiran/dict:segment-list-end,1,source
ichiran/dict:def-generic-penalty,ichiran/dict:segment-list-start,1,source
ichiran/dict:def-generic-synergy,ichiran/dict:defsynergy,1,source
ichiran/dict:def-generic-synergy,ichiran/dict:make-segment-list-from,1,source
ichiran/dict:def-generic-synergy,ichiran/dict:make-synergy,1,source
ichiran/dict:def-generic-synergy,ichiran/dict:segment-list-end,1,source
ichiran/dict:def-generic-synergy,ichiran/dict:segment-list-segments,1,source
ichiran/dict:def-generic-synergy,ichiran/dict:segment-list-start,1,source
ichiran/dict:def-segfilter-must-follow,ichiran/dict:classify,1,source
ichiran/dict:def-segfilter-must-follow,ichiran/dict:defsegfilter,1,source
ichiran/dict:def-segfilter-must-follow,ichiran/dict:make-segment-list-from,1,source
ichiran/dict:def-segfilter-must-follow,ichiran/dict:segment-list-end,1,source
ichiran/dict:def-segfilter-must-follow,ichiran/dict:segment-list-segments,1,source
ichiran/dict:def-segfilter-must-follow,ichiran/dict:segment-list-start,1,source
ichiran/dict:def-shi-split,ichiran/dict:def-simple-split,1,source
ichiran/dict:def-simple-hint,ichiran/dict:defhint,1,source
ichiran/dict:def-simple-hint,ichiran/dict:get-kana,1,source
ichiran/dict:def-simple-hint,ichiran/dict:insert-hints,1,source
ichiran/dict:def-simple-hint,ichiran/dict:true-kana,1,source
ichiran/dict:def-simple-split,ichiran/dict:defsplit,1,source
ichiran/dict:def-simple-split,ichiran/dict:true-text,1,source
ichiran/dict:def-simple-suffix,ichiran/characters:destem,1,source
ichiran/dict:def-simple-suffix,ichiran/dict:*suffix-map-temp*,1,source
ichiran/dict:def-simple-suffix,ichiran/dict:adjoin-word,1,source
ichiran/dict:def-simple-suffix,ichiran/dict:defsuffix,1,source
ichiran/dict:def-simple-suffix,ichiran/dict:get-kana,1,source
ichiran/dict:def-simple-suffix,ichiran/dict:score-base,1,source
ichiran/dict:def-special-counter,ichiran/dict:*special-counters*,1,source
ichiran/dict:def-toori-split,ichiran/dict:def-simple-split,1,source
ichiran/dict:def-toori-split,ichiran/dict:word-type,1,source
ichiran/dict:defpenalty,ichiran/dict:*penalty-list*,1,source
ichiran/dict:defsegfilter,ichiran/dict:*segfilter-list*,1,source
ichiran/dict:defsplit,ichiran/dict:*split-map*,1,source
ichiran/dict:defsuffix,ichiran/dict:*suffix-list*,1,source
ichiran/dict:defsynergy,ichiran/dict:*synergy-list*,1,source
ichiran/dict:delete-conjugation,ichiran/dict:conj-prop,1,source
ichiran/dict:delete-conjugation,ichiran/dict:conj-source-reading,1,source
ichiran/dict:delete-conjugation,ichiran/dict:conjugation,1,source
ichiran/dict:delete-conjugation,ichiran/dict:entry,1,source
ichiran/dict:delete-conjugation,ichiran/dict:id,0,runtime
ichiran/dict:delete-conjugation,ichiran/dict:root-p,0,runtime
ichiran/dict:delete-reading,ichiran/characters:test-word,1,both
ichiran/dict:delete-reading,ichiran/dict:entry,1,source
ichiran/dict:delete-reading,ichiran/dict:kana-text,1,source
ichiran/dict:delete-reading,ichiran/dict:kanji-text,1,source
ichiran/dict:delete-reading,ichiran/dict:n-kana,0,runtime
ichiran/dict:delete-reading,ichiran/dict:n-kanji,0,runtime
ichiran/dict:delete-reading,ichiran/dict:reset-readings,1,both
ichiran/dict:delete-sense-prop,ichiran/dict:sense-prop,1,source
ichiran/dict:delete-senses,ichiran/dict:gloss,1,source
ichiran/dict:delete-senses,ichiran/dict:sense,1,source
ichiran/dict:delete-senses,ichiran/dict:sense-id,0,runtime
ichiran/dict:delete-senses,ichiran/dict:sense-prop,1,source
ichiran/dict:dict-segment,ichiran/conn:*connection*,1,source
ichiran/dict:dict-segment,ichiran/dict:fill-segment-path,1,both
ichiran/dict:dict-segment,ichiran/dict:find-best-path,1,both
ichiran/dict:dict-segment,ichiran/dict:join-substring-words,1,both
ichiran/dict:drop-extras,ichiran/dict:conj-prop,1,source
ichiran/dict:drop-extras,ichiran/dict:conj-source-reading,1,source
ichiran/dict:drop-extras,ichiran/dict:conjugation,1,source
ichiran/dict:drop-extras,ichiran/dict:entry,1,source
ichiran/dict:entry-digest,ichiran/dict:entry,1,source
ichiran/dict:entry-digest,ichiran/dict:get-kana,1,both
ichiran/dict:entry-digest,ichiran/dict:get-text,1,both
ichiran/dict:entry-digest,ichiran/dict:seq,0,runtime
ichiran/dict:entry-info-long,ichiran/dict:get-senses-str,1,both
ichiran/dict:entry-info-long,ichiran/dict:reading-str-seq,1,both
ichiran/dict:entry-info-short,ichiran/dict:reading-str-seq,1,both
ichiran/dict:entry-info-short,ichiran/dict:short-sense-str,1,both
ichiran/dict:errata-conj-rules-hook,ichiran/dict:copy-conjugation-rule,1,both
ichiran/dict:errata-conj-rules-hook,ichiran/dict:cr-conj,1,both
ichiran/dict:errata-conj-rules-hook,ichiran/dict:cr-fml,1,both
ichiran/dict:errata-conj-rules-hook,ichiran/dict:cr-neg,1,both
ichiran/dict:errata-conj-rules-hook,ichiran/dict:cr-okuri,1,both
ichiran/dict:errata-conj-rules-hook,ichiran/dict:cr-onum,1,both
ichiran/dict:errata-conj-rules-hook,ichiran/dict:get-pos,1,both
ichiran/dict:errata-conj-rules-hook,ichiran/dict:get-pos-index,1,both
ichiran/dict:errata-conj-rules-hook,ichiran/dict:make-conjugation-rule,1,both
ichiran/dict:exists-reading,ichiran/dict:kana-text,1,source
ichiran/dict:expand-segment-list,ichiran/dict:get-segsplit,1,both
ichiran/dict:expand-segment-list,ichiran/dict:segment,1,source
ichiran/dict:expand-segment-list,ichiran/dict:segment-list,1,source
ichiran/dict:expand-segment-list,ichiran/dict:segment-list-matches,1,source
ichiran/dict:expand-segment-list,ichiran/dict:segment-list-segments,1,both
ichiran/dict:expand-segment-list,ichiran/dict:segment-score,1,both
ichiran/dict:fill-segment-path,ichiran/dict:process-word-info,1,both
ichiran/dict:fill-segment-path,ichiran/dict:segment-list,1,source
ichiran/dict:fill-segment-path,ichiran/dict:segment-list-end,1,both
ichiran/dict:fill-segment-path,ichiran/dict:segment-list-start,1,both
ichiran/dict:fill-segment-path,ichiran/dict:word-info,1,source
ichiran/dict:fill-segment-path,ichiran/dict:word-info-from-segment-list,1,both
ichiran/dict:filter-in-seq-set,ichiran/dict:filter-in-seq-set,1,runtime
ichiran/dict:filter-in-seq-set,ichiran/dict:segment,1,both
ichiran/dict:filter-in-seq-set,ichiran/dict:segment-info,1,both
ichiran/dict:filter-in-seq-set,ichiran/dict:seqs,0,runtime
ichiran/dict:filter-in-seq-set-simple,ichiran/dict:filter-in-seq-set-simple,1,runtime
ichiran/dict:filter-in-seq-set-simple,ichiran/dict:segment,1,both
ichiran/dict:filter-in-seq-set-simple,ichiran/dict:segment-info,1,both
ichiran/dict:filter-in-seq-set-simple,ichiran/dict:segment-word,1,both
ichiran/dict:filter-in-seq-set-simple,ichiran/dict:seq,0,runtime
ichiran/dict:filter-in-seq-set-simple,ichiran/dict:seqs,0,runtime
ichiran/dict:filter-is-compound-end,ichiran/dict:filter-is-compound-end,1,runtime
ichiran/dict:filter-is-compound-end,ichiran/dict:segment,1,both
ichiran/dict:filter-is-compound-end,ichiran/dict:segment-word,1,both
ichiran/dict:filter-is-compound-end,ichiran/dict:seq,0,runtime
ichiran/dict:filter-is-compound-end,ichiran/dict:seqs,0,runtime
ichiran/dict:filter-is-compound-end,ichiran/dict:word,0,runtime
ichiran/dict:filter-is-compound-end-text,ichiran/dict:filter-is-compound-end-text,1,runtime
ichiran/dict:filter-is-compound-end-text,ichiran/dict:get-text,1,both
ichiran/dict:filter-is-compound-end-text,ichiran/dict:segment,1,both
ichiran/dict:filter-is-compound-end-text,ichiran/dict:segment-word,1,both
ichiran/dict:filter-is-compound-end-text,ichiran/dict:seq,0,runtime
ichiran/dict:filter-is-compound-end-text,ichiran/dict:texts,0,runtime
ichiran/dict:filter-is-compound-end-text,ichiran/dict:word,0,runtime
ichiran/dict:filter-is-compound-end-text,ichiran/dict:words,0,runtime
ichiran/dict:filter-is-conjugation,ichiran/dict:cdata,0,runtime
ichiran/dict:filter-is-conjugation,ichiran/dict:conj-data-prop,1,both
ichiran/dict:filter-is-conjugation,ichiran/dict:conj-type,0,runtime
ichiran/dict:filter-is-conjugation,ichiran/dict:filter-is-conjugation,1,runtime
ichiran/dict:filter-is-conjugation,ichiran/dict:segment,1,both
ichiran/dict:filter-is-conjugation,ichiran/dict:segment-info,1,both
ichiran/dict:filter-is-noun,ichiran/dict:counter-text,1,source
ichiran/dict:filter-is-noun,ichiran/dict:segment,1,source
ichiran/dict:filter-is-noun,ichiran/dict:segment-info,1,both
ichiran/dict:filter-is-noun,ichiran/dict:segment-word,1,both
ichiran/dict:filter-is-pos,ichiran/dict:segment,1,source
ichiran/dict:filter-is-pos,ichiran/dict:segment-info,1,source
ichiran/dict:filter-props,ichiran/dict:conj-type,0,runtime
ichiran/dict:filter-props,ichiran/dict:is-rareru,1,both
ichiran/dict:filter-props,ichiran/dict:pos,0,runtime
ichiran/dict:filter-short-kana,ichiran/dict:except,0,runtime
ichiran/dict:filter-short-kana,ichiran/dict:filter-short-kana,1,runtime
ichiran/dict:filter-short-kana,ichiran/dict:get-text,1,both
ichiran/dict:filter-short-kana,ichiran/dict:len,0,runtime
ichiran/dict:filter-short-kana,ichiran/dict:seg,0,runtime
ichiran/dict:filter-short-kana,ichiran/dict:segment-info,1,both
ichiran/dict:filter-short-kana,ichiran/dict:segment-list,1,both
ichiran/dict:filter-short-kana,ichiran/dict:segment-list-end,1,both
ichiran/dict:filter-short-kana,ichiran/dict:segment-list-segments,1,both
ichiran/dict:filter-short-kana,ichiran/dict:segment-list-start,1,both
ichiran/dict:find-best-path,ichiran/dict:expand-segment-list,1,both
ichiran/dict:find-best-path,ichiran/dict:gap-penalty,1,both
ichiran/dict:find-best-path,ichiran/dict:get-array,1,both
ichiran/dict:find-best-path,ichiran/dict:get-seg-initial,1,both
ichiran/dict:find-best-path,ichiran/dict:get-seg-splits,1,both
ichiran/dict:find-best-path,ichiran/dict:get-segment-score,1,both
ichiran/dict:find-best-path,ichiran/dict:register-item,1,both
ichiran/dict:find-best-path,ichiran/dict:segment,1,source
ichiran/dict:find-best-path,ichiran/dict:segment-list,1,source
ichiran/dict:find-best-path,ichiran/dict:segment-list-end,1,both
ichiran/dict:find-best-path,ichiran/dict:segment-list-start,1,both
ichiran/dict:find-best-path,ichiran/dict:segment-list-top,1,both
ichiran/dict:find-best-path,ichiran/dict:tai-payload,1,both
ichiran/dict:find-best-path,ichiran/dict:tai-score,1,both
ichiran/dict:find-best-path,ichiran/dict:top-array,1,source
ichiran/dict:find-conj,ichiran/dict:conj-prop,1,source
ichiran/dict:find-conj,ichiran/dict:conjugation,1,source
ichiran/dict:find-counter,ichiran/conn:ensure,1,both
ichiran/dict:find-counter,ichiran/dict:verify,1,both
ichiran/dict:find-kanji-for-pattern,ichiran/conn:*connection*,1,source
ichiran/dict:find-kanji-for-pattern,ichiran/dict:find-word-kana-pattern,1,both
ichiran/dict:find-kanji-for-pattern,ichiran/dict:get-kanji,1,both
ichiran/dict:find-sticky-positions,ichiran/characters:*iteration-characters*,1,source
ichiran/dict:find-sticky-positions,ichiran/characters:*kana-characters*,1,source
ichiran/dict:find-sticky-positions,ichiran/characters:*modifier-characters*,1,source
ichiran/dict:find-sticky-positions,ichiran/characters:get-char-class,1,both
ichiran/dict:find-sticky-positions,ichiran/characters:long-vowel-modifier-p,1,both
ichiran/dict:find-substring-words,ichiran/characters:test-word,1,both
ichiran/dict:find-substring-words,ichiran/dict:*max-word-length*,1,source
ichiran/dict:find-substring-words,ichiran/dict:kana-text,1,source
ichiran/dict:find-substring-words,ichiran/dict:kanji-text,1,source
ichiran/dict:find-word,ichiran/characters:test-word,1,both
ichiran/dict:find-word,ichiran/dict:*max-word-length*,1,source
ichiran/dict:find-word,ichiran/dict:*substring-hash*,1,source
ichiran/dict:find-word,ichiran/dict:entry,1,source
ichiran/dict:find-word,ichiran/dict:kana-text,1,source
ichiran/dict:find-word,ichiran/dict:kanji-text,1,source
ichiran/dict:find-word-as-hiragana,ichiran/characters:as-hiragana,1,both
ichiran/dict:find-word-as-hiragana,ichiran/dict:find-word,1,both
ichiran/dict:find-word-as-hiragana,ichiran/dict:proxy-text,1,source
ichiran/dict:find-word-as-hiragana,ichiran/dict:seq,0,runtime
ichiran/dict:find-word-conj-of,ichiran/characters:test-word,1,both
ichiran/dict:find-word-conj-of,ichiran/dict:conjugation,1,source
ichiran/dict:find-word-conj-of,ichiran/dict:find-word-seq,1,both
ichiran/dict:find-word-conj-of,ichiran/dict:id,0,runtime
ichiran/dict:find-word-conj-of,ichiran/dict:kana-text,1,source
ichiran/dict:find-word-conj-of,ichiran/dict:kanji-text,1,source
ichiran/dict:find-word-full,ichiran/characters:as-hiragana,1,source
ichiran/dict:find-word-full,ichiran/characters:consecutive-char-groups,1,both
ichiran/dict:find-word-full,ichiran/dict:find-counter,1,both
ichiran/dict:find-word-full,ichiran/dict:find-word,1,both
ichiran/dict:find-word-full,ichiran/dict:find-word-as-hiragana,1,both
ichiran/dict:find-word-full,ichiran/dict:find-word-suffix,1,both
ichiran/dict:find-word-full,ichiran/dict:seq,0,runtime
ichiran/dict:find-word-info,ichiran/characters:test-word,1,both
ichiran/dict:find-word-info,ichiran/conn:*connection*,1,source
ichiran/dict:find-word-info,ichiran/dict:*suffix-map-temp*,1,source
ichiran/dict:find-word-info,ichiran/dict:*suffix-next-end*,1,source
ichiran/dict:find-word-info,ichiran/dict:exists-reading,1,both
ichiran/dict:find-word-info,ichiran/dict:find-word,1,both
ichiran/dict:find-word-info,ichiran/dict:find-word-full,1,both
ichiran/dict:find-word-info,ichiran/dict:gen-score,1,both
ichiran/dict:find-word-info,ichiran/dict:get-suffix-map,1,both
ichiran/dict:find-word-info,ichiran/dict:make-segment,1,both
ichiran/dict:find-word-info,ichiran/dict:segment-score,1,both
ichiran/dict:find-word-info,ichiran/dict:word-info-from-segment,1,both
ichiran/dict:find-word-info,ichiran/dict:word-info-kana,0,runtime
ichiran/dict:find-word-info,ichiran/dict:word-info-seq,0,runtime
ichiran/dict:find-word-info-json,ichiran/dict:find-word-info,1,both
ichiran/dict:find-word-info-json,ichiran/dict:word-info-gloss-json,1,both
ichiran/dict:find-word-kana-pattern,ichiran/dict:common,0,runtime
ichiran/dict:find-word-kana-pattern,ichiran/dict:compare-common,1,both
ichiran/dict:find-word-kana-pattern,ichiran/dict:kana-text,1,source
ichiran/dict:find-word-seq,ichiran/characters:test-word,1,both
ichiran/dict:find-word-seq,ichiran/dict:kana-text,1,source
ichiran/dict:find-word-seq,ichiran/dict:kanji-text,1,source
ichiran/dict:find-word-suffix,ichiran/dict:*suffix-class*,1,source
ichiran/dict:find-word-suffix,ichiran/dict:*suffix-list*,1,source
ichiran/dict:find-word-suffix,ichiran/dict:*suffix-map-temp*,1,source
ichiran/dict:find-word-suffix,ichiran/dict:*suffix-next-end*,1,source
ichiran/dict:find-word-suffix,ichiran/dict:get-suffixes,1,both
ichiran/dict:find-word-suffix,ichiran/dict:make-slice,1,both
ichiran/dict:find-word-suffix,ichiran/dict:match-unique,1,both
ichiran/dict:find-word-suffix,ichiran/dict:seq,0,runtime
ichiran/dict:find-word-suffix,ichiran/dict:subseq-slice,1,both
ichiran/dict:find-word-with-conj-prop,ichiran/dict:conj-data,1,source
ichiran/dict:find-word-with-conj-prop,ichiran/dict:conj-data-prop,1,both
ichiran/dict:find-word-with-conj-prop,ichiran/dict:conj-id,0,runtime
ichiran/dict:find-word-with-conj-prop,ichiran/dict:find-word-full,1,both
ichiran/dict:find-word-with-conj-prop,ichiran/dict:word-conj-data,1,both
ichiran/dict:find-word-with-conj-type,ichiran/dict:conj-data-prop,1,both
ichiran/dict:find-word-with-conj-type,ichiran/dict:conj-type,0,runtime
ichiran/dict:find-word-with-conj-type,ichiran/dict:find-word-with-conj-prop,1,both
ichiran/dict:find-word-with-pos,ichiran/characters:test-word,1,both
ichiran/dict:find-word-with-pos,ichiran/dict:kana-text,1,source
ichiran/dict:find-word-with-pos,ichiran/dict:kanji-text,1,source
ichiran/dict:find-word-with-pos,ichiran/dict:sense-prop,1,source
ichiran/dict:find-word-with-suffix,ichiran/dict:*suffix-class*,1,source
ichiran/dict:find-word-with-suffix,ichiran/dict:find-word-full,1,both
ichiran/dict:find-word-with-suffix,ichiran/dict:seq,0,runtime
ichiran/dict:find-words-seqs,ichiran/characters:test-word,1,both
ichiran/dict:find-words-seqs,ichiran/dict:kana-text,1,source
ichiran/dict:find-words-seqs,ichiran/dict:kanji-text,1,source
ichiran/dict:gap-penalty,ichiran/dict:*gap-penalty*,1,both
ichiran/dict:gap-penalty,ichiran/dict:end,0,runtime
ichiran/dict:gap-penalty,ichiran/dict:gap-penalty,1,runtime
ichiran/dict:gap-penalty,ichiran/dict:start,0,runtime
ichiran/dict:gen-score,ichiran/dict:calc-score,1,both
ichiran/dict:gen-score,ichiran/dict:segment,1,source
ichiran/dict:gen-score,ichiran/dict:segment-info,1,source
ichiran/dict:gen-score,ichiran/dict:segment-score,1,source
ichiran/dict:gen-score,ichiran/dict:segment-word,1,both
ichiran/dict:get-all-readings,ichiran/dict:kana-text,1,source
ichiran/dict:get-all-readings,ichiran/dict:kanji-text,1,source
ichiran/dict:get-array,ichiran/dict:top-array,1,source
ichiran/dict:get-candidates,ichiran/characters:test-word,1,both
ichiran/dict:get-candidates,ichiran/dict:entry,1,source
ichiran/dict:get-candidates,ichiran/dict:kana-text,1,source
ichiran/dict:get-candidates,ichiran/dict:kanji-text,1,source
ichiran/dict:get-conj-data,ichiran/dict:conj-prop,1,source
ichiran/dict:get-conj-data,ichiran/dict:conj-source-reading,1,source
ichiran/dict:get-conj-data,ichiran/dict:conjugation,1,source
ichiran/dict:get-conj-data,ichiran/dict:id,0,runtime
ichiran/dict:get-conj-data,ichiran/dict:make-conj-data,1,both
ichiran/dict:get-conj-data,ichiran/dict:no-conj-data,1,both
ichiran/dict:get-conj-data,ichiran/dict:seq,0,runtime
ichiran/dict:get-conj-data,ichiran/dict:seq-from,0,runtime
ichiran/dict:get-conj-data,ichiran/dict:seq-via,0,runtime
ichiran/dict:get-conj-description,ichiran/dict:load-conj-description,1,runtime
ichiran/dict:get-conj-rules,ichiran/dict:load-conj-rules,1,runtime
ichiran/dict:get-counter-ids,ichiran/dict:sense-prop,1,source
ichiran/dict:get-counter-readings,ichiran/conn:*connection*,1,source
ichiran/dict:get-counter-readings,ichiran/dict:*extra-counter-ids*,1,source
ichiran/dict:get-counter-readings,ichiran/dict:*skip-counter-ids*,1,source
ichiran/dict:get-counter-readings,ichiran/dict:get-counter-ids,1,both
ichiran/dict:get-counter-readings,ichiran/dict:get-counter-stags,1,both
ichiran/dict:get-counter-readings,ichiran/dict:kana-text,1,source
ichiran/dict:get-counter-readings,ichiran/dict:kanji-text,1,source
ichiran/dict:get-counter-readings,ichiran/dict:seq,0,runtime
ichiran/dict:get-counter-stags,ichiran/dict:sense-prop,1,source
ichiran/dict:get-glosses,ichiran/dict:gloss,1,source
ichiran/dict:get-glosses,ichiran/dict:sense,1,source
ichiran/dict:get-hint,ichiran/dict:*hint-map*,1,source
ichiran/dict:get-hint,ichiran/dict:conj-data-from,1,both
ichiran/dict:get-hint,ichiran/dict:seq,0,runtime
ichiran/dict:get-hint,ichiran/dict:word-conj-data,1,both
ichiran/dict:get-kana,ichiran/dict:*disable-hints*,1,source
ichiran/dict:get-kana,ichiran/dict:*kana-hint-space*,1,source
ichiran/dict:get-kana,ichiran/dict:best-kana-conj,1,source
ichiran/dict:get-kana,ichiran/dict:counter-age,1,source
ichiran/dict:get-kana,ichiran/dict:counter-days-kun,1,source
ichiran/dict:get-kana,ichiran/dict:counter-hifumi,1,source
ichiran/dict:get-kana,ichiran/dict:counter-join,1,source
ichiran/dict:get-kana,ichiran/dict:counter-people,1,source
ichiran/dict:get-kana,ichiran/dict:counter-text,1,source
ichiran/dict:get-kana,ichiran/dict:counter-tsu,1,source
ichiran/dict:get-kana,ichiran/dict:entry,1,source
ichiran/dict:get-kana,ichiran/dict:get-hint,1,source
ichiran/dict:get-kana,ichiran/dict:get-kanji-kana-old,1,source
ichiran/dict:get-kana,ichiran/dict:kana-text,1,source
ichiran/dict:get-kana,ichiran/dict:kanji-text,1,source
ichiran/dict:get-kana,ichiran/dict:number-text,1,source
ichiran/dict:get-kana,ichiran/dict:simple-text,1,source
ichiran/dict:get-kana,ichiran/numbers:number-to-kana,1,source
ichiran/dict:get-kana-form,ichiran/dict:kana-text,1,source
ichiran/dict:get-kana-forms,ichiran/dict:get-kana-forms*,1,both
ichiran/dict:get-kana-forms*,ichiran/dict:conjugation,1,source
ichiran/dict:get-kana-forms*,ichiran/dict:get-conj-data,1,both
ichiran/dict:get-kana-forms*,ichiran/dict:get-kana-forms-conj-data-filter,1,both
ichiran/dict:get-kana-forms*,ichiran/dict:kana-text,1,source
ichiran/dict:get-kana-forms*,ichiran/dict:seq,0,runtime
ichiran/dict:get-kana-forms-conj-data-filter,ichiran/dict:*weak-conj-forms*,1,source
ichiran/dict:get-kana-forms-conj-data-filter,ichiran/dict:conj-data,1,source
ichiran/dict:get-kana-forms-conj-data-filter,ichiran/dict:conj-data-prop,1,both
ichiran/dict:get-kana-forms-conj-data-filter,ichiran/dict:conj-id,0,runtime
ichiran/dict:get-kana-forms-conj-data-filter,ichiran/dict:skip-by-conj-data,1,both
ichiran/dict:get-kana-forms-conj-data-filter,ichiran/dict:test-conj-prop,1,both
ichiran/dict:get-kanji,ichiran/dict:best-kanji-conj,1,source
ichiran/dict:get-kanji,ichiran/dict:counter-text,1,source
ichiran/dict:get-kanji,ichiran/dict:entry,1,source
ichiran/dict:get-kanji,ichiran/dict:kana-text,1,source
ichiran/dict:get-kanji,ichiran/dict:kanji-text,1,source
ichiran/dict:get-kanji,ichiran/numbers:number-to-kanji,1,source
ichiran/dict:get-kanji-kana-old,ichiran/characters:kanji-regex,1,both
ichiran/dict:get-kanji-kana-old,ichiran/dict:kana-text,1,source
ichiran/dict:get-kanji-kana-old,ichiran/dict:seq,0,runtime
ichiran/dict:get-kanji-words,ichiran/conn:*connection*,1,source
ichiran/dict:get-kanji-words,ichiran/dict:entry,1,source
ichiran/dict:get-kanji-words,ichiran/dict:kana-text,1,source
ichiran/dict:get-kanji-words,ichiran/dict:kanji-text,1,source
ichiran/dict:get-non-arch-posi,ichiran/dict:sense-prop,1,source
ichiran/dict:get-original-text,ichiran/dict:conj-data,1,source
ichiran/dict:get-original-text,ichiran/dict:get-original-text*,1,source
ichiran/dict:get-original-text,ichiran/dict:kana-text,1,source
ichiran/dict:get-original-text,ichiran/dict:kanji-text,1,source
ichiran/dict:get-original-text,ichiran/dict:proxy-text,1,source
ichiran/dict:get-original-text,ichiran/dict:simple-text,1,source
ichiran/dict:get-original-text,ichiran/dict:word-conj-data,1,source
ichiran/dict:get-original-text,ichiran/dict:word-type,1,source
ichiran/dict:get-original-text*,ichiran/dict:conj-data,1,source
ichiran/dict:get-original-text*,ichiran/dict:conj-data-from,1,both
ichiran/dict:get-original-text*,ichiran/dict:conj-data-src-map,1,both
ichiran/dict:get-original-text*,ichiran/dict:conj-data-via,1,both
ichiran/dict:get-original-text*,ichiran/dict:get-conj-data,1,both
ichiran/dict:get-original-text*,ichiran/dict:get-original-text*,1,runtime
ichiran/dict:get-original-text-once,ichiran/dict:conj-data,1,source
ichiran/dict:get-original-text-once,ichiran/dict:conj-data-src-map,1,both
ichiran/dict:get-penalties,ichiran/dict:*penalty-list*,1,source
ichiran/dict:get-pos,ichiran/dict:load-pos-by-index,1,runtime
ichiran/dict:get-pos-index,ichiran/dict:load-pos-index,1,runtime
ichiran/dict:get-seg-initial,ichiran/dict:apply-segfilters,1,both
ichiran/dict:get-seg-splits,ichiran/dict:apply-segfilters,1,both
ichiran/dict:get-seg-splits,ichiran/dict:get-penalties,1,both
ichiran/dict:get-seg-splits,ichiran/dict:get-synergies,1,both
ichiran/dict:get-segment-score,ichiran/dict:segment,1,source
ichiran/dict:get-segment-score,ichiran/dict:segment-list,1,source
ichiran/dict:get-segment-score,ichiran/dict:segment-list-segments,1,source
ichiran/dict:get-segment-score,ichiran/dict:segment-score,1,source
ichiran/dict:get-segment-score,ichiran/dict:synergy,1,source
ichiran/dict:get-segment-score,ichiran/dict:synergy-score,1,source
ichiran/dict:get-segsplit,ichiran/characters:join,1,both
ichiran/dict:get-segsplit,ichiran/dict:*segsplit-map*,1,source
ichiran/dict:get-segsplit,ichiran/dict:*split-map*,1,source
ichiran/dict:get-segsplit,ichiran/dict:calc-score,1,both
ichiran/dict:get-segsplit,ichiran/dict:compound-text,1,source
ichiran/dict:get-segsplit,ichiran/dict:copy-segment,1,both
ichiran/dict:get-segsplit,ichiran/dict:get-kana,1,both
ichiran/dict:get-segsplit,ichiran/dict:get-split,1,both
ichiran/dict:get-segsplit,ichiran/dict:get-text,1,both
ichiran/dict:get-segsplit,ichiran/dict:primary,0,runtime
ichiran/dict:get-segsplit,ichiran/dict:segment,1,source
ichiran/dict:get-segsplit,ichiran/dict:segment-info,1,both
ichiran/dict:get-segsplit,ichiran/dict:segment-score,1,both
ichiran/dict:get-segsplit,ichiran/dict:segment-text,1,source
ichiran/dict:get-segsplit,ichiran/dict:segment-word,1,both
ichiran/dict:get-segsplit,ichiran/dict:simple-text,1,source
ichiran/dict:get-segsplit,ichiran/dict:word-conj-data,1,both
ichiran/dict:get-senses,ichiran/dict:get-senses-raw,1,both
ichiran/dict:get-senses,ichiran/dict:gloss,1,source
ichiran/dict:get-senses,ichiran/dict:sense,1,source
ichiran/dict:get-senses-json,ichiran/characters:join,1,both
ichiran/dict:get-senses-json,ichiran/dict:get-senses,1,both
ichiran/dict:get-senses-json,ichiran/dict:gloss,1,source
ichiran/dict:get-senses-json,ichiran/dict:match-sense-restrictions,1,both
ichiran/dict:get-senses-json,ichiran/dict:split-pos,1,both
ichiran/dict:get-senses-raw,ichiran/dict:gloss,1,source
ichiran/dict:get-senses-raw,ichiran/dict:sense,1,source
ichiran/dict:get-senses-raw,ichiran/dict:sense-prop,1,source
ichiran/dict:get-senses-str,ichiran/characters:join,1,both
ichiran/dict:get-senses-str,ichiran/dict:get-senses,1,both
ichiran/dict:get-senses-str,ichiran/dict:gloss,1,source
ichiran/dict:get-split,ichiran/dict:get-split*,1,both
ichiran/dict:get-split*,ichiran/dict:*split-map*,1,source
ichiran/dict:get-split*,ichiran/dict:seq,0,runtime
ichiran/dict:get-suffix-description,ichiran/dict:*suffix-class*,1,source
ichiran/dict:get-suffix-description,ichiran/dict:*suffix-description*,1,source
ichiran/dict:get-suffix-map,ichiran/dict:*suffix-cache*,1,source
ichiran/dict:get-suffix-map,ichiran/dict:init-suffixes,1,both
ichiran/dict:get-suffix-map,ichiran/dict:parse-suffix-val,1,both
ichiran/dict:get-suffix-map,ichiran/dict:subseq-slice,1,both
ichiran/dict:get-suffixes,ichiran/dict:*suffix-cache*,1,source
ichiran/dict:get-suffixes,ichiran/dict:init-suffixes,1,both
ichiran/dict:get-suffixes,ichiran/dict:parse-suffix-val,1,both
ichiran/dict:get-suffixes,ichiran/dict:subseq-slice,1,both
ichiran/dict:get-synergies,ichiran/dict:*synergy-list*,1,source
ichiran/dict:get-text,ichiran/dict:entry,1,source
ichiran/dict:get-text,ichiran/dict:kana-text,1,source
ichiran/dict:get-text,ichiran/dict:kanji-text,1,source
ichiran/dict:get-text,ichiran/dict:segment,1,source
ichiran/dict:get-text,ichiran/dict:segment-text,1,source
ichiran/dict:get-text,ichiran/dict:segment-word,1,source
ichiran/dict:init-suffix-hashtables,ichiran/dict:*suffix-cache*,1,source
ichiran/dict:init-suffix-hashtables,ichiran/dict:*suffix-class*,1,source
ichiran/dict:init-suffixes,ichiran/dict:*suffix-cache*,1,source
ichiran/dict:init-suffixes,ichiran/dict:init-suffix-hashtables,1,both
ichiran/dict:init-suffixes,ichiran/dict:init-suffixes-running-p,1,both
ichiran/dict:init-suffixes,ichiran/dict:init-suffixes-thread,1,both
ichiran/dict:init-suffixes-running-p,ichiran/dict:*init-suffixes-lock*,1,source
ichiran/dict:init-suffixes-running-p,ichiran/dict:*suffix-cache*,1,source
ichiran/dict:init-suffixes-thread,ichiran/characters:join,1,source
ichiran/dict:init-suffixes-thread,ichiran/conn:*connection*,1,source
ichiran/dict:init-suffixes-thread,ichiran/dict:*init-suffixes-lock*,1,source
ichiran/dict:init-suffixes-thread,ichiran/dict:*suffix-cache*,1,source
ichiran/dict:init-suffixes-thread,ichiran/dict:*suffix-class*,1,source
ichiran/dict:init-suffixes-thread,ichiran/dict:find-word-conj-of,1,both
ichiran/dict:init-suffixes-thread,ichiran/dict:get-kana-form,1,both
ichiran/dict:init-suffixes-thread,ichiran/dict:get-kana-forms,1,both
ichiran/dict:init-suffixes-thread,ichiran/dict:seq,0,runtime
ichiran/dict:init-tables,ichiran/conn:*connection*,1,source
ichiran/dict:init-tables,ichiran/dict:conj-prop,1,source
ichiran/dict:init-tables,ichiran/dict:conj-source-reading,1,source
ichiran/dict:init-tables,ichiran/dict:conjugation,1,source
ichiran/dict:init-tables,ichiran/dict:entry,1,source
ichiran/dict:init-tables,ichiran/dict:gloss,1,source
ichiran/dict:init-tables,ichiran/dict:kana-text,1,source
ichiran/dict:init-tables,ichiran/dict:kanji-text,1,source
ichiran/dict:init-tables,ichiran/dict:restricted-readings,1,source
ichiran/dict:init-tables,ichiran/dict:sense,1,source
ichiran/dict:init-tables,ichiran/dict:sense-prop,1,source
ichiran/dict:insert-conjugation,ichiran/dict:*secondary-conjugation-types-from*,1,source
ichiran/dict:insert-conjugation,ichiran/dict:conj-prop,1,source
ichiran/dict:insert-conjugation,ichiran/dict:conj-source-reading,1,source
ichiran/dict:insert-conjugation,ichiran/dict:conjugation,1,source
ichiran/dict:insert-conjugation,ichiran/dict:entry,1,source
ichiran/dict:insert-conjugation,ichiran/dict:id,0,runtime
ichiran/dict:insert-conjugation,ichiran/dict:kana-text,1,source
ichiran/dict:insert-conjugation,ichiran/dict:kanji-text,1,source
ichiran/dict:insert-conjugation,ichiran/dict:lex-compare,1,both
ichiran/dict:insert-hints,ichiran/dict:*hint-char-map*,1,source
ichiran/dict:insert-readings,ichiran/dict:do-node-list-ord,1,source
ichiran/dict:insert-readings,ichiran/dict:entry,1,source
ichiran/dict:insert-readings,ichiran/dict:kana-text,1,source
ichiran/dict:insert-readings,ichiran/dict:kanji-text,1,source
ichiran/dict:insert-readings,ichiran/dict:node-text,1,both
ichiran/dict:insert-readings,ichiran/dict:restricted-readings,1,source
ichiran/dict:insert-sense-traits,ichiran/dict:do-node-list-ord,1,source
ichiran/dict:insert-sense-traits,ichiran/dict:node-text,1,both
ichiran/dict:insert-sense-traits,ichiran/dict:sense-prop,1,source
ichiran/dict:insert-senses,ichiran/dict:do-node-list-ord,1,source
ichiran/dict:insert-senses,ichiran/dict:gloss,1,source
ichiran/dict:insert-senses,ichiran/dict:id,0,runtime
ichiran/dict:insert-senses,ichiran/dict:insert-sense-traits,1,both
ichiran/dict:insert-senses,ichiran/dict:node-text,1,both
ichiran/dict:insert-senses,ichiran/dict:sense,1,source
ichiran/dict:is-arch,ichiran/conn:ensure,1,both
ichiran/dict:join-substring-words,ichiran/dict:*score-cutoff*,1,source
ichiran/dict:join-substring-words,ichiran/dict:cull-segments,1,both
ichiran/dict:join-substring-words,ichiran/dict:gen-score,1,both
ichiran/dict:join-substring-words,ichiran/dict:join-substring-words*,1,both
ichiran/dict:join-substring-words,ichiran/dict:make-segment-list,1,both
ichiran/dict:join-substring-words,ichiran/dict:segment,1,source
ichiran/dict:join-substring-words,ichiran/dict:segment-end,1,both
ichiran/dict:join-substring-words,ichiran/dict:segment-score,1,both
ichiran/dict:join-substring-words*,ichiran/characters:consecutive-char-groups,1,both
ichiran/dict:join-substring-words*,ichiran/characters:sequential-kanji-positions,1,both
ichiran/dict:join-substring-words*,ichiran/dict:*force-kanji-break*,1,source
ichiran/dict:join-substring-words*,ichiran/dict:*max-word-length*,1,source
ichiran/dict:join-substring-words*,ichiran/dict:*no-kanji-break*,1,source
ichiran/dict:join-substring-words*,ichiran/dict:*substring-hash*,1,source
ichiran/dict:join-substring-words*,ichiran/dict:*suffix-map-temp*,1,source
ichiran/dict:join-substring-words*,ichiran/dict:*suffix-next-end*,1,source
ichiran/dict:join-substring-words*,ichiran/dict:find-sticky-positions,1,both
ichiran/dict:join-substring-words*,ichiran/dict:find-substring-words,1,both
ichiran/dict:join-substring-words*,ichiran/dict:find-word-full,1,both
ichiran/dict:join-substring-words*,ichiran/dict:get-suffix-map,1,both
ichiran/dict:join-substring-words*,ichiran/dict:make-segment,1,both
ichiran/dict:kana-text,ichiran/dict:simple-text,1,runtime
ichiran/dict:kanji-break-penalty,ichiran/characters:mora-length,1,both
ichiran/dict:kanji-break-penalty,ichiran/dict:*no-kanji-break-penalty*,1,source
ichiran/dict:kanji-break-penalty,ichiran/dict:*score-cutoff*,1,source
ichiran/dict:kanji-break-penalty,ichiran/dict:calc-score,1,both
ichiran/dict:kanji-break-penalty,ichiran/dict:get-suffixes,1,both
ichiran/dict:kanji-text,ichiran/dict:simple-text,1,runtime
ichiran/dict:length-multiplier-coeff,ichiran/dict:*length-coeff-sequences*,1,both
ichiran/dict:length-multiplier-coeff,ichiran/dict:coeffs,0,runtime
ichiran/dict:length-multiplier-coeff,ichiran/dict:length-multiplier-coeff,1,runtime
ichiran/dict:load-best-readings,ichiran/conn:*connection*,1,source
ichiran/dict:load-best-readings,ichiran/dict:entry,1,source
ichiran/dict:load-best-readings,ichiran/dict:kana-text,1,source
ichiran/dict:load-best-readings,ichiran/dict:kanji-text,1,source
ichiran/dict:load-best-readings,ichiran/dict:set-reading,1,both
ichiran/dict:load-conj-description,ichiran/dict:errata-conj-description-hook,1,runtime
ichiran/dict:load-conj-rules,ichiran/dict:errata-conj-rules-hook,1,runtime
ichiran/dict:load-conj-rules,ichiran/dict:make-conjugation-rule,1,runtime
ichiran/dict:load-conjugations,ichiran/conn:*connection*,1,source
ichiran/dict:load-conjugations,ichiran/dict:*do-not-conjugate-seq*,1,source
ichiran/dict:load-conjugations,ichiran/dict:*pos-with-conj-rules*,1,source
ichiran/dict:load-conjugations,ichiran/dict:conjugate-entry-outer,1,both
ichiran/dict:load-conjugations,ichiran/dict:sense-prop,1,source
ichiran/dict:load-entry,ichiran/dict:*pos-with-conj-rules*,1,source
ichiran/dict:load-entry,ichiran/dict:conjugate-entry-outer,1,both
ichiran/dict:load-entry,ichiran/dict:entry,1,source
ichiran/dict:load-entry,ichiran/dict:find-word,1,both
ichiran/dict:load-entry,ichiran/dict:get-text,1,both
ichiran/dict:load-entry,ichiran/dict:insert-readings,1,both
ichiran/dict:load-entry,ichiran/dict:insert-senses,1,both
ichiran/dict:load-entry,ichiran/dict:kana-text,1,source
ichiran/dict:load-entry,ichiran/dict:kanji-text,1,source
ichiran/dict:load-entry,ichiran/dict:load-secondary-conjugations,1,both
ichiran/dict:load-entry,ichiran/dict:next-seq,1,both
ichiran/dict:load-entry,ichiran/dict:node-text,1,both
ichiran/dict:load-entry,ichiran/dict:sense-prop,1,source
ichiran/dict:load-entry,ichiran/dict:seq,0,runtime
ichiran/dict:load-extras,ichiran/custom:load-custom-data,1,both
ichiran/dict:load-extras,ichiran/dict:add-errata,1,both
ichiran/dict:load-extras,ichiran/dict:load-conjugations,1,both
ichiran/dict:load-extras,ichiran/dict:load-secondary-conjugations,1,both
ichiran/dict:load-extras,ichiran/dict:recalc-entry-stats-all,1,both
ichiran/dict:load-jmdict,ichiran/conn:*connection*,1,source
ichiran/dict:load-jmdict,ichiran/dict:*jmdict-path*,1,source
ichiran/dict:load-jmdict,ichiran/dict:fix-entities,1,both
ichiran/dict:load-jmdict,ichiran/dict:init-tables,1,both
ichiran/dict:load-jmdict,ichiran/dict:load-entry,1,both
ichiran/dict:load-jmdict,ichiran/dict:load-extras,1,both
ichiran/dict:load-jmdict,ichiran/dict:recalc-entry-stats-all,1,both
ichiran/dict:load-secondary-conjugations,ichiran/dict:*secondary-conjugation-types*,1,source
ichiran/dict:load-secondary-conjugations,ichiran/dict:conj-prop,1,source
ichiran/dict:load-secondary-conjugations,ichiran/dict:conjugate-entry-outer,1,both
ichiran/dict:load-secondary-conjugations,ichiran/dict:conjugation,1,source
ichiran/dict:make-conjugation-rule,ichiran/dict:conj,0,runtime
ichiran/dict:make-conjugation-rule,ichiran/dict:euphk,0,runtime
ichiran/dict:make-conjugation-rule,ichiran/dict:euphr,0,runtime
ichiran/dict:make-conjugation-rule,ichiran/dict:fml,0,runtime
ichiran/dict:make-conjugation-rule,ichiran/dict:neg,0,runtime
ichiran/dict:make-conjugation-rule,ichiran/dict:okuri,0,runtime
ichiran/dict:make-conjugation-rule,ichiran/dict:onum,0,runtime
ichiran/dict:make-conjugation-rule,ichiran/dict:pos,0,runtime
ichiran/dict:make-conjugation-rule,ichiran/dict:stem,0,runtime
ichiran/dict:make-segment-list-from,ichiran/dict:copy-segment-list,1,both
ichiran/dict:make-segment-list-from,ichiran/dict:segment-list-segments,1,source
ichiran/dict:map-word-info-kana,ichiran/characters:join,1,both
ichiran/dict:map-word-info-kana,ichiran/dict:simplify-reading-list,1,both
ichiran/dict:map-word-info-kana,ichiran/dict:word-info,1,source
ichiran/dict:map-word-info-kana,ichiran/dict:word-info-kana,0,runtime
ichiran/dict:match-glosses,ichiran/characters:normalize,1,source
ichiran/dict:match-glosses,ichiran/conn:*connection*,1,source
ichiran/dict:match-glosses,ichiran/dict:get-candidates,1,both
ichiran/dict:match-glosses,ichiran/dict:get-glosses,1,both
ichiran/dict:match-glosses,ichiran/dict:gloss,1,source
ichiran/dict:match-kana-kanji,ichiran/dict:kana-text,1,source
ichiran/dict:match-kana-kanji,ichiran/dict:nokanji,0,runtime
ichiran/dict:match-sense-restrictions,ichiran/dict:kana-text,1,source
ichiran/dict:match-sense-restrictions,ichiran/dict:kanji-text,1,source
ichiran/dict:match-sense-restrictions,ichiran/dict:match-kana-kanji,1,both
ichiran/dict:match-sense-restrictions,ichiran/dict:restricted-readings,1,source
ichiran/dict:match-sense-restrictions,ichiran/dict:word-type,1,both
ichiran/dict:match-unique,ichiran/dict:*suffix-unique-only*,1,source
ichiran/dict:next-seq,ichiran/dict:entry,1,source
ichiran/dict:no-conj-data,ichiran/conn:ensure,1,both
ichiran/dict:node-text,ichiran/dict:node-text,1,runtime
ichiran/dict:number-text,ichiran/dict:counter-text,1,runtime
ichiran/dict:or-as-hiragana,ichiran/dict:find-word-as-hiragana,1,both
ichiran/dict:pair-words-by-conj,ichiran/dict:conjugation,1,source
ichiran/dict:pair-words-by-conj,ichiran/dict:lex-compare,1,both
ichiran/dict:pair-words-by-conj,ichiran/dict:seq-from,0,runtime
ichiran/dict:pair-words-by-conj,ichiran/dict:seq-via,0,runtime
ichiran/dict:pair-words-by-conj,ichiran/dict:word-conjugations,0,runtime
ichiran/dict:penalty-semi-final,ichiran/dict:filter-in-seq-set,1,runtime
ichiran/dict:penalty-semi-final,ichiran/dict:make-synergy,1,runtime
ichiran/dict:penalty-semi-final,ichiran/dict:segment-list-end,1,runtime
ichiran/dict:penalty-semi-final,ichiran/dict:segment-list-segments,1,runtime
ichiran/dict:penalty-semi-final,ichiran/dict:segment-list-start,1,runtime
ichiran/dict:penalty-short,ichiran/dict:filter-short-kana,1,runtime
ichiran/dict:penalty-short,ichiran/dict:get-text,1,runtime
ichiran/dict:penalty-short,ichiran/dict:make-synergy,1,runtime
ichiran/dict:penalty-short,ichiran/dict:segment-info,1,runtime
ichiran/dict:penalty-short,ichiran/dict:segment-list-end,1,runtime
ichiran/dict:penalty-short,ichiran/dict:segment-list-segments,1,runtime
ichiran/dict:penalty-short,ichiran/dict:segment-list-start,1,runtime
ichiran/dict:print-conj-info,ichiran/dict:conj-info-short,1,both
ichiran/dict:print-conj-info,ichiran/dict:conj-prop,1,source
ichiran/dict:print-conj-info,ichiran/dict:entry-info-short,1,both
ichiran/dict:print-conj-info,ichiran/dict:print-conj-info,1,runtime
ichiran/dict:print-conj-info,ichiran/dict:select-conjs-and-props,1,both
ichiran/dict:print-conj-info,ichiran/dict:seq-from,0,runtime
ichiran/dict:print-conj-info,ichiran/dict:seq-via,0,runtime
ichiran/dict:process-hints,ichiran/characters:simplify-ngrams,1,both
ichiran/dict:process-hints,ichiran/dict:*hint-simplify-map*,1,source
ichiran/dict:process-word-info,ichiran/characters:get-char-class,1,both
ichiran/dict:process-word-info,ichiran/dict:word-info-kana,0,runtime
ichiran/dict:process-word-info,ichiran/dict:word-info-text,0,runtime
ichiran/dict:proxy-text,ichiran/dict:simple-text,1,runtime
ichiran/dict:reading-str,ichiran/dict:get-kana,1,source
ichiran/dict:reading-str,ichiran/dict:get-kanji,1,source
ichiran/dict:reading-str,ichiran/dict:reading-str*,1,source
ichiran/dict:reading-str,ichiran/dict:reading-str-seq,1,source
ichiran/dict:reading-str,ichiran/dict:simple-text,1,source
ichiran/dict:reading-str,ichiran/dict:word-info,1,source
ichiran/dict:reading-str,ichiran/dict:word-info-reading-str,1,source
ichiran/dict:reading-str-seq,ichiran/dict:kana-text,1,source
ichiran/dict:reading-str-seq,ichiran/dict:kanji-text,1,source
ichiran/dict:reading-str-seq,ichiran/dict:reading-str*,1,both
ichiran/dict:rearrange-readings-conj,ichiran/dict:conjugation,1,source
ichiran/dict:rearrange-readings-conj,ichiran/dict:rearrange-readings,1,both
ichiran/dict:recalc-entry-stats,ichiran/dict:entry,1,source
ichiran/dict:recalc-entry-stats,ichiran/dict:kana-text,1,source
ichiran/dict:recalc-entry-stats,ichiran/dict:kanji-text,1,source
ichiran/dict:recalc-entry-stats-all,ichiran/dict:entry,1,source
ichiran/dict:recalc-entry-stats-all,ichiran/dict:kana-text,1,source
ichiran/dict:recalc-entry-stats-all,ichiran/dict:kanji-text,1,source
ichiran/dict:register-item,ichiran/dict:make-top-array-item,1,source
ichiran/dict:register-item,ichiran/dict:tai-score,1,source
ichiran/dict:register-item,ichiran/dict:top-array,1,source
ichiran/dict:remove-hiragana-nokanji,ichiran/characters:test-word,1,both
ichiran/dict:remove-hiragana-nokanji,ichiran/dict:entry,1,source
ichiran/dict:remove-hiragana-nokanji,ichiran/dict:kana-text,1,source
ichiran/dict:remove-hiragana-nokanji,ichiran/dict:seq,0,runtime
ichiran/dict:replace-reading,ichiran/characters:test-word,1,both
ichiran/dict:replace-reading,ichiran/dict:kana-text,1,source
ichiran/dict:replace-reading,ichiran/dict:kanji-text,1,source
ichiran/dict:replace-reading,ichiran/dict:reset-readings,1,both
ichiran/dict:replace-reading-conj,ichiran/dict:conjugation,1,source
ichiran/dict:replace-reading-conj,ichiran/dict:reset-readings,1,both
ichiran/dict:replace-reading-conj,ichiran/dict:seq,0,runtime
ichiran/dict:reset-readings,ichiran/dict:kana-text,1,source
ichiran/dict:reset-readings,ichiran/dict:kanji-text,1,source
ichiran/dict:reset-readings,ichiran/dict:set-reading,1,both
ichiran/dict:root-diff-fn,ichiran/dict:root-diff,1,both
ichiran/dict:score-base,ichiran/dict:compound-text,1,source
ichiran/dict:segfilter-aux-verb,ichiran/dict:classify,1,runtime
ichiran/dict:segfilter-aux-verb,ichiran/dict:conj-data-prop,1,runtime
ichiran/dict:segfilter-aux-verb,ichiran/dict:conj-type,0,runtime
ichiran/dict:segfilter-aux-verb,ichiran/dict:filter-in-seq-set,1,runtime
ichiran/dict:segfilter-aux-verb,ichiran/dict:filter-is-conjugation,1,runtime
ichiran/dict:segfilter-aux-verb,ichiran/dict:make-segment-list-from,1,runtime
ichiran/dict:segfilter-aux-verb,ichiran/dict:segment-info,1,runtime
ichiran/dict:segfilter-aux-verb,ichiran/dict:segment-list-end,1,runtime
ichiran/dict:segfilter-aux-verb,ichiran/dict:segment-list-segments,1,runtime
ichiran/dict:segfilter-aux-verb,ichiran/dict:segment-list-start,1,runtime
ichiran/dict:segfilter-badend,ichiran/dict:classify,1,runtime
ichiran/dict:segfilter-badend,ichiran/dict:filter-is-compound-end-text,1,runtime
ichiran/dict:segfilter-badend,ichiran/dict:get-text,1,runtime
ichiran/dict:segfilter-badend,ichiran/dict:make-segment-list-from,1,runtime
ichiran/dict:segfilter-badend,ichiran/dict:segment-list-end,1,runtime
ichiran/dict:segfilter-badend,ichiran/dict:segment-list-segments,1,runtime
ichiran/dict:segfilter-badend,ichiran/dict:segment-list-start,1,runtime
ichiran/dict:segfilter-badend,ichiran/dict:segment-word,1,runtime
ichiran/dict:segfilter-badend,ichiran/dict:seq,0,runtime
ichiran/dict:segfilter-badend,ichiran/dict:words,0,runtime
ichiran/dict:segfilter-dashi,ichiran/dict:classify,1,runtime
ichiran/dict:segfilter-dashi,ichiran/dict:filter-in-seq-set,1,runtime
ichiran/dict:segfilter-dashi,ichiran/dict:make-segment-list-from,1,runtime
ichiran/dict:segfilter-dashi,ichiran/dict:segment-info,1,runtime
ichiran/dict:segfilter-dashi,ichiran/dict:segment-list-end,1,runtime
ichiran/dict:segfilter-dashi,ichiran/dict:segment-list-segments,1,runtime
ichiran/dict:segfilter-dashi,ichiran/dict:segment-list-start,1,runtime
ichiran/dict:segfilter-dekiru,ichiran/dict:classify,1,runtime
ichiran/dict:segfilter-dekiru,ichiran/dict:filter-in-seq-set,1,runtime
ichiran/dict:segfilter-dekiru,ichiran/dict:make-segment-list-from,1,runtime
ichiran/dict:segfilter-dekiru,ichiran/dict:segment-info,1,runtime
ichiran/dict:segfilter-dekiru,ichiran/dict:segment-list-end,1,runtime
ichiran/dict:segfilter-dekiru,ichiran/dict:segment-list-segments,1,runtime
ichiran/dict:segfilter-dekiru,ichiran/dict:segment-list-start,1,runtime
ichiran/dict:segfilter-honorific,ichiran/dict:classify,1,runtime
ichiran/dict:segfilter-honorific,ichiran/dict:filter-in-seq-set,1,runtime
ichiran/dict:segfilter-honorific,ichiran/dict:make-segment-list-from,1,runtime
ichiran/dict:segfilter-honorific,ichiran/dict:segment-list-end,1,runtime
ichiran/dict:segfilter-honorific,ichiran/dict:segment-list-segments,1,runtime
ichiran/dict:segfilter-honorific,ichiran/dict:segment-list-start,1,runtime
ichiran/dict:segfilter-janai,ichiran/dict:classify,1,runtime
ichiran/dict:segfilter-janai,ichiran/dict:filter-in-seq-set,1,runtime
ichiran/dict:segfilter-janai,ichiran/dict:filter-is-compound-end,1,runtime
ichiran/dict:segfilter-janai,ichiran/dict:make-segment-list-from,1,runtime
ichiran/dict:segfilter-janai,ichiran/dict:segment-info,1,runtime
ichiran/dict:segfilter-janai,ichiran/dict:segment-list-end,1,runtime
ichiran/dict:segfilter-janai,ichiran/dict:segment-list-segments,1,runtime
ichiran/dict:segfilter-janai,ichiran/dict:segment-list-start,1,runtime
ichiran/dict:segfilter-janai,ichiran/dict:segment-word,1,runtime
ichiran/dict:segfilter-janai,ichiran/dict:seq,0,runtime
ichiran/dict:segfilter-mononi,ichiran/dict:classify,1,runtime
ichiran/dict:segfilter-mononi,ichiran/dict:filter-in-seq-set,1,runtime
ichiran/dict:segfilter-mononi,ichiran/dict:make-segment-list-from,1,runtime
ichiran/dict:segfilter-mononi,ichiran/dict:segment-info,1,runtime
ichiran/dict:segfilter-mononi,ichiran/dict:segment-list-end,1,runtime
ichiran/dict:segfilter-mononi,ichiran/dict:segment-list-segments,1,runtime
ichiran/dict:segfilter-mononi,ichiran/dict:segment-list-start,1,runtime
ichiran/dict:segfilter-n,ichiran/dict:classify,1,runtime
ichiran/dict:segfilter-n,ichiran/dict:filter-in-seq-set,1,runtime
ichiran/dict:segfilter-n,ichiran/dict:filter-in-seq-set-simple,1,runtime
ichiran/dict:segfilter-n,ichiran/dict:make-segment-list-from,1,runtime
ichiran/dict:segfilter-n,ichiran/dict:segment-info,1,runtime
ichiran/dict:segfilter-n,ichiran/dict:segment-list-end,1,runtime
ichiran/dict:segfilter-n,ichiran/dict:segment-list-segments,1,runtime
ichiran/dict:segfilter-n,ichiran/dict:segment-list-start,1,runtime
ichiran/dict:segfilter-nohayamete,ichiran/dict:classify,1,runtime
ichiran/dict:segfilter-nohayamete,ichiran/dict:filter-in-seq-set,1,runtime
ichiran/dict:segfilter-nohayamete,ichiran/dict:make-segment-list-from,1,runtime
ichiran/dict:segfilter-nohayamete,ichiran/dict:segment-info,1,runtime
ichiran/dict:segfilter-nohayamete,ichiran/dict:segment-list-end,1,runtime
ichiran/dict:segfilter-nohayamete,ichiran/dict:segment-list-segments,1,runtime
ichiran/dict:segfilter-nohayamete,ichiran/dict:segment-list-start,1,runtime
ichiran/dict:segfilter-roku,ichiran/dict:classify,1,runtime
ichiran/dict:segfilter-roku,ichiran/dict:filter-is-compound-end-text,1,runtime
ichiran/dict:segfilter-roku,ichiran/dict:get-text,1,runtime
ichiran/dict:segfilter-roku,ichiran/dict:make-segment-list-from,1,runtime
ichiran/dict:segfilter-roku,ichiran/dict:segment-list-end,1,runtime
ichiran/dict:segfilter-roku,ichiran/dict:segment-list-segments,1,runtime
ichiran/dict:segfilter-roku,ichiran/dict:segment-list-start,1,runtime
ichiran/dict:segfilter-roku,ichiran/dict:segment-word,1,runtime
ichiran/dict:segfilter-roku,ichiran/dict:seq,0,runtime
ichiran/dict:segfilter-roku,ichiran/dict:words,0,runtime
ichiran/dict:segfilter-sae,ichiran/dict:classify,1,runtime
ichiran/dict:segfilter-sae,ichiran/dict:filter-is-compound-end,1,runtime
ichiran/dict:segfilter-sae,ichiran/dict:get-text,1,runtime
ichiran/dict:segfilter-sae,ichiran/dict:make-segment-list-from,1,runtime
ichiran/dict:segfilter-sae,ichiran/dict:segment-list-end,1,runtime
ichiran/dict:segfilter-sae,ichiran/dict:segment-list-segments,1,runtime
ichiran/dict:segfilter-sae,ichiran/dict:segment-list-start,1,runtime
ichiran/dict:segfilter-sae,ichiran/dict:segment-word,1,runtime
ichiran/dict:segfilter-sae,ichiran/dict:seq,0,runtime
ichiran/dict:segfilter-sukiyoki,ichiran/dict:classify,1,runtime
ichiran/dict:segfilter-sukiyoki,ichiran/dict:conj-data-prop,1,runtime
ichiran/dict:segfilter-sukiyoki,ichiran/dict:conj-type,0,runtime
ichiran/dict:segfilter-sukiyoki,ichiran/dict:filter-is-conjugation,1,runtime
ichiran/dict:segfilter-sukiyoki,ichiran/dict:get-text,1,runtime
ichiran/dict:segfilter-sukiyoki,ichiran/dict:make-segment-list-from,1,runtime
ichiran/dict:segfilter-sukiyoki,ichiran/dict:segment-info,1,runtime
ichiran/dict:segfilter-sukiyoki,ichiran/dict:segment-list-end,1,runtime
ichiran/dict:segfilter-sukiyoki,ichiran/dict:segment-list-segments,1,runtime
ichiran/dict:segfilter-sukiyoki,ichiran/dict:segment-list-start,1,runtime
ichiran/dict:segfilter-toomou,ichiran/dict:classify,1,runtime
ichiran/dict:segfilter-toomou,ichiran/dict:filter-in-seq-set,1,runtime
ichiran/dict:segfilter-toomou,ichiran/dict:make-segment-list-from,1,runtime
ichiran/dict:segfilter-toomou,ichiran/dict:segment-info,1,runtime
ichiran/dict:segfilter-toomou,ichiran/dict:segment-list-end,1,runtime
ichiran/dict:segfilter-toomou,ichiran/dict:segment-list-segments,1,runtime
ichiran/dict:segfilter-toomou,ichiran/dict:segment-list-start,1,runtime
ichiran/dict:segfilter-totte,ichiran/dict:classify,1,runtime
ichiran/dict:segfilter-totte,ichiran/dict:filter-in-seq-set,1,runtime
ichiran/dict:segfilter-totte,ichiran/dict:make-segment-list-from,1,runtime
ichiran/dict:segfilter-totte,ichiran/dict:segment-info,1,runtime
ichiran/dict:segfilter-totte,ichiran/dict:segment-list-end,1,runtime
ichiran/dict:segfilter-totte,ichiran/dict:segment-list-segments,1,runtime
ichiran/dict:segfilter-totte,ichiran/dict:segment-list-start,1,runtime
ichiran/dict:segfilter-tsu-iru,ichiran/dict:classify,1,runtime
ichiran/dict:segfilter-tsu-iru,ichiran/dict:filter-in-seq-set,1,runtime
ichiran/dict:segfilter-tsu-iru,ichiran/dict:make-segment-list-from,1,runtime
ichiran/dict:segfilter-tsu-iru,ichiran/dict:segment-info,1,runtime
ichiran/dict:segfilter-tsu-iru,ichiran/dict:segment-list-end,1,runtime
ichiran/dict:segfilter-tsu-iru,ichiran/dict:segment-list-segments,1,runtime
ichiran/dict:segfilter-tsu-iru,ichiran/dict:segment-list-start,1,runtime
ichiran/dict:segfilter-wokarasu,ichiran/dict:classify,1,runtime
ichiran/dict:segfilter-wokarasu,ichiran/dict:filter-in-seq-set,1,runtime
ichiran/dict:segfilter-wokarasu,ichiran/dict:make-segment-list-from,1,runtime
ichiran/dict:segfilter-wokarasu,ichiran/dict:segment-info,1,runtime
ichiran/dict:segfilter-wokarasu,ichiran/dict:segment-list-end,1,runtime
ichiran/dict:segfilter-wokarasu,ichiran/dict:segment-list-segments,1,runtime
ichiran/dict:segfilter-wokarasu,ichiran/dict:segment-list-start,1,runtime
ichiran/dict:select-conjs,ichiran/dict:conjugation,1,source
ichiran/dict:select-conjs-and-props,ichiran/dict:conj-prop,1,source
ichiran/dict:select-conjs-and-props,ichiran/dict:conj-type,0,runtime
ichiran/dict:select-conjs-and-props,ichiran/dict:conj-type-order,1,both
ichiran/dict:select-conjs-and-props,ichiran/dict:filter-props,1,both
ichiran/dict:select-conjs-and-props,ichiran/dict:id,0,runtime
ichiran/dict:select-conjs-and-props,ichiran/dict:lex-compare,1,both
ichiran/dict:select-conjs-and-props,ichiran/dict:select-conjs,1,both
ichiran/dict:select-conjs-and-props,ichiran/dict:seq-via,0,runtime
ichiran/dict:sense-exists-p,ichiran/characters:join,1,both
ichiran/dict:sense-exists-p,ichiran/dict:gloss,1,source
ichiran/dict:sense-exists-p,ichiran/dict:sense,1,source
ichiran/dict:set-primary-nokanji,ichiran/dict:entry,1,source
ichiran/dict:set-reading,ichiran/dict:kana-text,1,source
ichiran/dict:set-reading,ichiran/dict:kanji-text,1,source
ichiran/dict:set-reading,ichiran/dict:restricted-readings,1,source
ichiran/dict:short-sense-str,ichiran/dict:gloss,1,source
ichiran/dict:short-sense-str,ichiran/dict:sense,1,source
ichiran/dict:simple-segment,ichiran/dict:dict-segment,1,both
ichiran/dict:simple-word-info,ichiran/dict:word-info,1,source
ichiran/dict:simple-word-info,ichiran/dict:word-info-json,1,both
ichiran/dict:skip-by-conj-data,ichiran/dict:*skip-conj-forms*,1,source
ichiran/dict:skip-by-conj-data,ichiran/dict:conj-data,1,source
ichiran/dict:skip-by-conj-data,ichiran/dict:conj-data-prop,1,both
ichiran/dict:skip-by-conj-data,ichiran/dict:test-conj-prop,1,both
ichiran/dict:split-1000430,ichiran/characters:safe-subseq,1,runtime
ichiran/dict:split-1000430,ichiran/dict:find-word-seq,1,runtime
ichiran/dict:split-1000430,ichiran/dict:true-text,1,runtime
ichiran/dict:split-1002970,ichiran/characters:safe-subseq,1,runtime
ichiran/dict:split-1002970,ichiran/dict:find-word-conj-of,1,runtime
ichiran/dict:split-1002970,ichiran/dict:find-word-seq,1,runtime
ichiran/dict:split-1002970,ichiran/dict:seq,0,runtime
ichiran/dict:split-1002970,ichiran/dict:true-text,1,runtime
ichiran/dict:split-1002970,ichiran/dict:word-type,1,runtime
ichiran/dict:split-1005600,ichiran/characters:safe-subseq,1,runtime
ichiran/dict:split-1005600,ichiran/dict:find-word-conj-of,1,runtime
ichiran/dict:split-1005600,ichiran/dict:find-word-seq,1,runtime
ichiran/dict:split-1005600,ichiran/dict:seq,0,runtime
ichiran/dict:split-1005600,ichiran/dict:true-text,1,runtime
ichiran/dict:split-1006280,ichiran/characters:safe-subseq,1,runtime
ichiran/dict:split-1006280,ichiran/dict:find-word-seq,1,runtime
ichiran/dict:split-1006280,ichiran/dict:true-text,1,runtime
ichiran/dict:split-1006880,ichiran/characters:safe-subseq,1,runtime
ichiran/dict:split-1006880,ichiran/dict:find-word-seq,1,runtime
ichiran/dict:split-1006880,ichiran/dict:true-text,1,runtime
ichiran/dict:split-1008030,ichiran/dict:true-text,1,runtime
ichiran/dict:split-1010105,ichiran/characters:safe-subseq,1,runtime
ichiran/dict:split-1010105,ichiran/dict:find-word-seq,1,runtime
ichiran/dict:split-1010105,ichiran/dict:true-text,1,runtime
ichiran/dict:split-1207840,ichiran/characters:safe-subseq,1,runtime
ichiran/dict:split-1207840,ichiran/dict:find-word-conj-of,1,runtime
ichiran/dict:split-1207840,ichiran/dict:find-word-seq,1,runtime
ichiran/dict:split-1207840,ichiran/dict:seq,0,runtime
ichiran/dict:split-1207840,ichiran/dict:true-text,1,runtime
ichiran/dict:split-1221530,ichiran/characters:safe-subseq,1,runtime
ichiran/dict:split-1221530,ichiran/dict:find-word-conj-of,1,runtime
ichiran/dict:split-1221530,ichiran/dict:find-word-seq,1,runtime
ichiran/dict:split-1221530,ichiran/dict:true-text,1,runtime
ichiran/dict:split-1221680,ichiran/characters:safe-subseq,1,runtime
ichiran/dict:split-1221680,ichiran/dict:find-word-conj-of,1,runtime
ichiran/dict:split-1221680,ichiran/dict:find-word-seq,1,runtime
ichiran/dict:split-1221680,ichiran/dict:true-text,1,runtime
ichiran/dict:split-1314600,ichiran/characters:safe-subseq,1,runtime
ichiran/dict:split-1314600,ichiran/dict:find-word-conj-of,1,runtime
ichiran/dict:split-1314600,ichiran/dict:find-word-seq,1,runtime
ichiran/dict:split-1314600,ichiran/dict:true-text,1,runtime
ichiran/dict:split-1314770,ichiran/characters:safe-subseq,1,runtime
ichiran/dict:split-1314770,ichiran/dict:find-word-conj-of,1,runtime
ichiran/dict:split-1314770,ichiran/dict:find-word-seq,1,runtime
ichiran/dict:split-1314770,ichiran/dict:true-text,1,runtime
ichiran/dict:split-1314770,ichiran/dict:word-type,1,runtime
ichiran/dict:split-1315860,ichiran/characters:safe-subseq,1,runtime
ichiran/dict:split-1315860,ichiran/dict:find-word-seq,1,runtime
ichiran/dict:split-1315860,ichiran/dict:true-text,1,runtime
ichiran/dict:split-1322540,ichiran/characters:safe-subseq,1,runtime
ichiran/dict:split-1322540,ichiran/dict:find-word-conj-of,1,runtime
ichiran/dict:split-1322540,ichiran/dict:find-word-seq,1,runtime
ichiran/dict:split-1322540,ichiran/dict:true-text,1,runtime
ichiran/dict:split-1322560,ichiran/characters:safe-subseq,1,runtime
ichiran/dict:split-1322560,ichiran/dict:find-word-conj-of,1,runtime
ichiran/dict:split-1322560,ichiran/dict:find-word-seq,1,runtime
ichiran/dict:split-1322560,ichiran/dict:true-text,1,runtime
ichiran/dict:split-1322560,ichiran/dict:word-type,1,runtime
ichiran/dict:split-1327220,ichiran/characters:safe-subseq,1,runtime
ichiran/dict:split-1327220,ichiran/dict:find-word-conj-of,1,runtime
ichiran/dict:split-1327220,ichiran/dict:find-word-seq,1,runtime
ichiran/dict:split-1327220,ichiran/dict:true-text,1,runtime
ichiran/dict:split-1327230,ichiran/characters:safe-subseq,1,runtime
ichiran/dict:split-1327230,ichiran/dict:find-word-conj-of,1,runtime
ichiran/dict:split-1327230,ichiran/dict:find-word-seq,1,runtime
ichiran/dict:split-1327230,ichiran/dict:true-text,1,runtime
ichiran/dict:split-1349300,ichiran/characters:safe-subseq,1,runtime
ichiran/dict:split-1349300,ichiran/dict:find-word-seq,1,runtime
ichiran/dict:split-1349300,ichiran/dict:true-text,1,runtime
ichiran/dict:split-1362970,ichiran/characters:safe-subseq,1,runtime
ichiran/dict:split-1362970,ichiran/dict:find-word-conj-of,1,runtime
ichiran/dict:split-1362970,ichiran/dict:find-word-seq,1,runtime
ichiran/dict:split-1362970,ichiran/dict:seq,0,runtime
ichiran/dict:split-1362970,ichiran/dict:true-text,1,runtime
ichiran/dict:split-1474200,ichiran/characters:safe-subseq,1,runtime
ichiran/dict:split-1474200,ichiran/dict:find-word-conj-of,1,runtime
ichiran/dict:split-1474200,ichiran/dict:find-word-seq,1,runtime
ichiran/dict:split-1474200,ichiran/dict:true-text,1,runtime
ichiran/dict:split-1474200,ichiran/dict:word-type,1,runtime
ichiran/dict:split-1502500,ichiran/characters:safe-subseq,1,runtime
ichiran/dict:split-1502500,ichiran/characters:unrendaku,1,runtime
ichiran/dict:split-1502500,ichiran/dict:find-word-seq,1,runtime
ichiran/dict:split-1502500,ichiran/dict:true-text,1,runtime
ichiran/dict:split-1508380,ichiran/characters:safe-subseq,1,runtime
ichiran/dict:split-1508380,ichiran/dict:find-word-seq,1,runtime
ichiran/dict:split-1508380,ichiran/dict:true-text,1,runtime
ichiran/dict:split-1508380,ichiran/dict:word-type,1,runtime
ichiran/dict:split-1532270,ichiran/characters:safe-subseq,1,runtime
ichiran/dict:split-1532270,ichiran/dict:find-word-conj-of,1,runtime
ichiran/dict:split-1532270,ichiran/dict:find-word-seq,1,runtime
ichiran/dict:split-1532270,ichiran/dict:seq,0,runtime
ichiran/dict:split-1532270,ichiran/dict:true-text,1,runtime
ichiran/dict:split-1538340,ichiran/characters:safe-subseq,1,runtime
ichiran/dict:split-1538340,ichiran/dict:find-word-conj-of,1,runtime
ichiran/dict:split-1538340,ichiran/dict:find-word-seq,1,runtime
ichiran/dict:split-1538340,ichiran/dict:true-text,1,runtime
ichiran/dict:split-1551500,ichiran/characters:safe-subseq,1,runtime
ichiran/dict:split-1551500,ichiran/dict:find-word-conj-of,1,runtime
ichiran/dict:split-1551500,ichiran/dict:find-word-seq,1,runtime
ichiran/dict:split-1551500,ichiran/dict:seq,0,runtime
ichiran/dict:split-1551500,ichiran/dict:true-text,1,runtime
ichiran/dict:split-1567610,ichiran/characters:safe-subseq,1,runtime
ichiran/dict:split-1567610,ichiran/dict:find-word-seq,1,runtime
ichiran/dict:split-1567610,ichiran/dict:true-text,1,runtime
ichiran/dict:split-1579130,ichiran/characters:safe-subseq,1,runtime
ichiran/dict:split-1579130,ichiran/dict:find-word-seq,1,runtime
ichiran/dict:split-1579130,ichiran/dict:true-text,1,runtime
ichiran/dict:split-1581550,ichiran/characters:safe-subseq,1,runtime
ichiran/dict:split-1581550,ichiran/dict:find-word-conj-of,1,runtime
ichiran/dict:split-1581550,ichiran/dict:find-word-seq,1,runtime
ichiran/dict:split-1581550,ichiran/dict:true-text,1,runtime
ichiran/dict:split-1591050,ichiran/characters:safe-subseq,1,runtime
ichiran/dict:split-1591050,ichiran/dict:find-word-conj-of,1,runtime
ichiran/dict:split-1591050,ichiran/dict:find-word-seq,1,runtime
ichiran/dict:split-1591050,ichiran/dict:true-text,1,runtime
ichiran/dict:split-1591980,ichiran/characters:safe-subseq,1,runtime
ichiran/dict:split-1591980,ichiran/dict:find-word-conj-of,1,runtime
ichiran/dict:split-1591980,ichiran/dict:find-word-seq,1,runtime
ichiran/dict:split-1591980,ichiran/dict:true-text,1,runtime
ichiran/dict:split-1597740,ichiran/characters:safe-subseq,1,runtime
ichiran/dict:split-1597740,ichiran/dict:find-word-seq,1,runtime
ichiran/dict:split-1597740,ichiran/dict:true-text,1,runtime
ichiran/dict:split-1597740,ichiran/dict:word-type,1,runtime
ichiran/dict:split-1601010,ichiran/characters:safe-subseq,1,runtime
ichiran/dict:split-1601010,ichiran/dict:find-word-conj-of,1,runtime
ichiran/dict:split-1601010,ichiran/dict:find-word-seq,1,runtime
ichiran/dict:split-1601010,ichiran/dict:seq,0,runtime
ichiran/dict:split-1601010,ichiran/dict:true-text,1,runtime
ichiran/dict:split-1601080,ichiran/characters:safe-subseq,1,runtime
ichiran/dict:split-1601080,ichiran/dict:find-word-conj-of,1,runtime
ichiran/dict:split-1601080,ichiran/dict:find-word-seq,1,runtime
ichiran/dict:split-1601080,ichiran/dict:true-text,1,runtime
ichiran/dict:split-1602740,ichiran/characters:safe-subseq,1,runtime
ichiran/dict:split-1602740,ichiran/dict:find-word-seq,1,runtime
ichiran/dict:split-1602740,ichiran/dict:true-text,1,runtime
ichiran/dict:split-1606530,ichiran/characters:safe-subseq,1,runtime
ichiran/dict:split-1606530,ichiran/dict:find-word-conj-of,1,runtime
ichiran/dict:split-1606530,ichiran/dict:find-word-seq,1,runtime
ichiran/dict:split-1606530,ichiran/dict:seq,0,runtime
ichiran/dict:split-1606530,ichiran/dict:true-text,1,runtime
ichiran/dict:split-1606800,ichiran/characters:safe-subseq,1,runtime
ichiran/dict:split-1606800,ichiran/dict:find-word-conj-of,1,runtime
ichiran/dict:split-1606800,ichiran/dict:find-word-seq,1,runtime
ichiran/dict:split-1606800,ichiran/dict:seq,0,runtime
ichiran/dict:split-1606800,ichiran/dict:true-text,1,runtime
ichiran/dict:split-1612640,ichiran/characters:safe-subseq,1,runtime
ichiran/dict:split-1612640,ichiran/dict:find-word-seq,1,runtime
ichiran/dict:split-1612640,ichiran/dict:true-text,1,runtime
ichiran/dict:split-1675330,ichiran/characters:safe-subseq,1,runtime
ichiran/dict:split-1675330,ichiran/dict:find-word-seq,1,runtime
ichiran/dict:split-1675330,ichiran/dict:true-text,1,runtime
ichiran/dict:split-1774820,ichiran/characters:safe-subseq,1,runtime
ichiran/dict:split-1774820,ichiran/dict:find-word-seq,1,runtime
ichiran/dict:split-1774820,ichiran/dict:true-text,1,runtime
ichiran/dict:split-1774820,ichiran/dict:word-type,1,runtime
ichiran/dict:split-1854750,ichiran/characters:safe-subseq,1,runtime
ichiran/dict:split-1854750,ichiran/dict:find-word-conj-of,1,runtime
ichiran/dict:split-1854750,ichiran/dict:find-word-seq,1,runtime
ichiran/dict:split-1854750,ichiran/dict:seq,0,runtime
ichiran/dict:split-1854750,ichiran/dict:true-text,1,runtime
ichiran/dict:split-1855670,ichiran/characters:safe-subseq,1,runtime
ichiran/dict:split-1855670,ichiran/dict:find-word-conj-of,1,runtime
ichiran/dict:split-1855670,ichiran/dict:find-word-seq,1,runtime
ichiran/dict:split-1855670,ichiran/dict:seq,0,runtime
ichiran/dict:split-1855670,ichiran/dict:true-text,1,runtime
ichiran/dict:split-1863230,ichiran/characters:safe-subseq,1,runtime
ichiran/dict:split-1863230,ichiran/dict:find-word-seq,1,runtime
ichiran/dict:split-1863230,ichiran/dict:true-text,1,runtime
ichiran/dict:split-1863230,ichiran/dict:word-type,1,runtime
ichiran/dict:split-1881690,ichiran/characters:safe-subseq,1,runtime
ichiran/dict:split-1881690,ichiran/dict:find-word-conj-of,1,runtime
ichiran/dict:split-1881690,ichiran/dict:find-word-seq,1,runtime
ichiran/dict:split-1881690,ichiran/dict:true-text,1,runtime
ichiran/dict:split-1894260,ichiran/characters:safe-subseq,1,runtime
ichiran/dict:split-1894260,ichiran/dict:find-word-conj-of,1,runtime
ichiran/dict:split-1894260,ichiran/dict:find-word-seq,1,runtime
ichiran/dict:split-1894260,ichiran/dict:optprefix,1,runtime
ichiran/dict:split-1894260,ichiran/dict:seq,0,runtime
ichiran/dict:split-1894260,ichiran/dict:true-text,1,runtime
ichiran/dict:split-2002270,ichiran/characters:safe-subseq,1,runtime
ichiran/dict:split-2002270,ichiran/dict:find-word-conj-of,1,runtime
ichiran/dict:split-2002270,ichiran/dict:find-word-seq,1,runtime
ichiran/dict:split-2002270,ichiran/dict:seq,0,runtime
ichiran/dict:split-2002270,ichiran/dict:true-text,1,runtime
ichiran/dict:split-2007500,ichiran/characters:safe-subseq,1,runtime
ichiran/dict:split-2007500,ichiran/dict:find-word-conj-of,1,runtime
ichiran/dict:split-2007500,ichiran/dict:find-word-seq,1,runtime
ichiran/dict:split-2007500,ichiran/dict:seq,0,runtime
ichiran/dict:split-2007500,ichiran/dict:true-text,1,runtime
ichiran/dict:split-2009290,ichiran/characters:safe-subseq,1,runtime
ichiran/dict:split-2009290,ichiran/dict:find-word-seq,1,runtime
ichiran/dict:split-2009290,ichiran/dict:true-text,1,runtime
ichiran/dict:split-2016840,ichiran/characters:safe-subseq,1,runtime
ichiran/dict:split-2016840,ichiran/dict:find-word-conj-of,1,runtime
ichiran/dict:split-2016840,ichiran/dict:find-word-seq,1,runtime
ichiran/dict:split-2016840,ichiran/dict:seq,0,runtime
ichiran/dict:split-2016840,ichiran/dict:true-text,1,runtime
ichiran/dict:split-2026650,ichiran/characters:safe-subseq,1,runtime
ichiran/dict:split-2026650,ichiran/dict:find-word-conj-of,1,runtime
ichiran/dict:split-2026650,ichiran/dict:find-word-seq,1,runtime
ichiran/dict:split-2026650,ichiran/dict:seq,0,runtime
ichiran/dict:split-2026650,ichiran/dict:true-text,1,runtime
ichiran/dict:split-2083990,ichiran/characters:safe-subseq,1,runtime
ichiran/dict:split-2083990,ichiran/dict:find-word-seq,1,runtime
ichiran/dict:split-2083990,ichiran/dict:true-text,1,runtime
ichiran/dict:split-2088480,ichiran/characters:safe-subseq,1,runtime
ichiran/dict:split-2088480,ichiran/dict:find-word-seq,1,runtime
ichiran/dict:split-2088480,ichiran/dict:true-text,1,runtime
ichiran/dict:split-2109610,ichiran/characters:safe-subseq,1,runtime
ichiran/dict:split-2109610,ichiran/dict:find-word-conj-of,1,runtime
ichiran/dict:split-2109610,ichiran/dict:find-word-seq,1,runtime
ichiran/dict:split-2109610,ichiran/dict:seq,0,runtime
ichiran/dict:split-2109610,ichiran/dict:true-text,1,runtime
ichiran/dict:split-2133750,ichiran/characters:safe-subseq,1,runtime
ichiran/dict:split-2133750,ichiran/dict:find-word-seq,1,runtime
ichiran/dict:split-2133750,ichiran/dict:true-text,1,runtime
ichiran/dict:split-2272780,ichiran/characters:safe-subseq,1,runtime
ichiran/dict:split-2272780,ichiran/dict:find-word-conj-of,1,runtime
ichiran/dict:split-2272780,ichiran/dict:find-word-seq,1,runtime
ichiran/dict:split-2272780,ichiran/dict:true-text,1,runtime
ichiran/dict:split-2276360,ichiran/characters:safe-subseq,1,runtime
ichiran/dict:split-2276360,ichiran/dict:find-word-seq,1,runtime
ichiran/dict:split-2276360,ichiran/dict:true-text,1,runtime
ichiran/dict:split-2433760,ichiran/characters:safe-subseq,1,runtime
ichiran/dict:split-2433760,ichiran/dict:find-word-seq,1,runtime
ichiran/dict:split-2433760,ichiran/dict:true-text,1,runtime
ichiran/dict:split-2526850,ichiran/characters:safe-subseq,1,runtime
ichiran/dict:split-2526850,ichiran/dict:find-word-conj-of,1,runtime
ichiran/dict:split-2526850,ichiran/dict:find-word-seq,1,runtime
ichiran/dict:split-2526850,ichiran/dict:seq,0,runtime
ichiran/dict:split-2526850,ichiran/dict:true-text,1,runtime
ichiran/dict:split-2529050,ichiran/characters:safe-subseq,1,runtime
ichiran/dict:split-2529050,ichiran/dict:find-word-seq,1,runtime
ichiran/dict:split-2529050,ichiran/dict:true-text,1,runtime
ichiran/dict:split-2666360,ichiran/characters:safe-subseq,1,runtime
ichiran/dict:split-2666360,ichiran/dict:find-word-conj-of,1,runtime
ichiran/dict:split-2666360,ichiran/dict:find-word-seq,1,runtime
ichiran/dict:split-2666360,ichiran/dict:seq,0,runtime
ichiran/dict:split-2666360,ichiran/dict:true-text,1,runtime
ichiran/dict:split-2668400,ichiran/characters:safe-subseq,1,runtime
ichiran/dict:split-2668400,ichiran/dict:find-word-conj-of,1,runtime
ichiran/dict:split-2668400,ichiran/dict:find-word-seq,1,runtime
ichiran/dict:split-2668400,ichiran/dict:true-text,1,runtime
ichiran/dict:split-2724560,ichiran/characters:safe-subseq,1,runtime
ichiran/dict:split-2724560,ichiran/dict:find-word-seq,1,runtime
ichiran/dict:split-2724560,ichiran/dict:true-text,1,runtime
ichiran/dict:split-2757500,ichiran/characters:safe-subseq,1,runtime
ichiran/dict:split-2757500,ichiran/dict:find-word-conj-of,1,runtime
ichiran/dict:split-2757500,ichiran/dict:find-word-seq,1,runtime
ichiran/dict:split-2757500,ichiran/dict:true-text,1,runtime
ichiran/dict:split-2757540,ichiran/characters:safe-subseq,1,runtime
ichiran/dict:split-2757540,ichiran/dict:find-word-seq,1,runtime
ichiran/dict:split-2757540,ichiran/dict:true-text,1,runtime
ichiran/dict:split-2762260,ichiran/characters:safe-subseq,1,runtime
ichiran/dict:split-2762260,ichiran/dict:find-word-conj-of,1,runtime
ichiran/dict:split-2762260,ichiran/dict:find-word-seq,1,runtime
ichiran/dict:split-2762260,ichiran/dict:seq,0,runtime
ichiran/dict:split-2762260,ichiran/dict:true-text,1,runtime
ichiran/dict:split-2771940,ichiran/characters:safe-subseq,1,runtime
ichiran/dict:split-2771940,ichiran/dict:find-word-seq,1,runtime
ichiran/dict:split-2771940,ichiran/dict:true-text,1,runtime
ichiran/dict:split-2834051,ichiran/characters:safe-subseq,1,runtime
ichiran/dict:split-2834051,ichiran/dict:find-word-seq,1,runtime
ichiran/dict:split-2834051,ichiran/dict:true-text,1,runtime
ichiran/dict:split-2834051,ichiran/dict:word-type,1,runtime
ichiran/dict:split-2834732,ichiran/characters:safe-subseq,1,runtime
ichiran/dict:split-2834732,ichiran/dict:find-word-conj-of,1,runtime
ichiran/dict:split-2834732,ichiran/dict:true-text,1,runtime
ichiran/dict:split-2835890,ichiran/characters:safe-subseq,1,runtime
ichiran/dict:split-2835890,ichiran/dict:find-word-seq,1,runtime
ichiran/dict:split-2835890,ichiran/dict:true-text,1,runtime
ichiran/dict:split-2841254,ichiran/characters:safe-subseq,1,runtime
ichiran/dict:split-2841254,ichiran/dict:find-word-seq,1,runtime
ichiran/dict:split-2841254,ichiran/dict:true-text,1,runtime
ichiran/dict:split-2846470,ichiran/characters:safe-subseq,1,runtime
ichiran/dict:split-2846470,ichiran/dict:find-word-conj-of,1,runtime
ichiran/dict:split-2846470,ichiran/dict:find-word-seq,1,runtime
ichiran/dict:split-2846470,ichiran/dict:true-text,1,runtime
ichiran/dict:split-2855921,ichiran/characters:safe-subseq,1,runtime
ichiran/dict:split-2855921,ichiran/dict:find-word-conj-of,1,runtime
ichiran/dict:split-2855921,ichiran/dict:find-word-seq,1,runtime
ichiran/dict:split-2855921,ichiran/dict:seq,0,runtime
ichiran/dict:split-2855921,ichiran/dict:true-text,1,runtime
ichiran/dict:split-dakara,ichiran/characters:safe-subseq,1,runtime
ichiran/dict:split-dakara,ichiran/dict:find-word-seq,1,runtime
ichiran/dict:split-dakara,ichiran/dict:true-text,1,runtime
ichiran/dict:split-de-1004800,ichiran/characters:safe-subseq,1,runtime
ichiran/dict:split-de-1004800,ichiran/dict:find-word-seq,1,runtime
ichiran/dict:split-de-1004800,ichiran/dict:true-text,1,runtime
ichiran/dict:split-de-1006840,ichiran/characters:safe-subseq,1,runtime
ichiran/dict:split-de-1006840,ichiran/dict:find-word-seq,1,runtime
ichiran/dict:split-de-1006840,ichiran/dict:true-text,1,runtime
ichiran/dict:split-de-1163700,ichiran/characters:safe-subseq,1,runtime
ichiran/dict:split-de-1163700,ichiran/dict:find-word-seq,1,runtime
ichiran/dict:split-de-1163700,ichiran/dict:true-text,1,runtime
ichiran/dict:split-de-1189420,ichiran/characters:safe-subseq,1,runtime
ichiran/dict:split-de-1189420,ichiran/dict:find-word-seq,1,runtime
ichiran/dict:split-de-1189420,ichiran/dict:true-text,1,runtime
ichiran/dict:split-de-1245390,ichiran/characters:safe-subseq,1,runtime
ichiran/dict:split-de-1245390,ichiran/dict:find-word-seq,1,runtime
ichiran/dict:split-de-1245390,ichiran/dict:true-text,1,runtime
ichiran/dict:split-de-1270210,ichiran/characters:safe-subseq,1,runtime
ichiran/dict:split-de-1270210,ichiran/dict:find-word-seq,1,runtime
ichiran/dict:split-de-1270210,ichiran/dict:true-text,1,runtime
ichiran/dict:split-de-1272220,ichiran/characters:safe-subseq,1,runtime
ichiran/dict:split-de-1272220,ichiran/dict:find-word-seq,1,runtime
ichiran/dict:split-de-1272220,ichiran/dict:true-text,1,runtime
ichiran/dict:split-de-1311360,ichiran/characters:safe-subseq,1,runtime
ichiran/dict:split-de-1311360,ichiran/dict:find-word-seq,1,runtime
ichiran/dict:split-de-1311360,ichiran/dict:true-text,1,runtime
ichiran/dict:split-de-1343110,ichiran/characters:safe-subseq,1,runtime
ichiran/dict:split-de-1343110,ichiran/dict:find-word-seq,1,runtime
ichiran/dict:split-de-1343110,ichiran/dict:true-text,1,runtime
ichiran/dict:split-de-1368500,ichiran/characters:safe-subseq,1,runtime
ichiran/dict:split-de-1368500,ichiran/dict:find-word-seq,1,runtime
ichiran/dict:split-de-1368500,ichiran/dict:true-text,1,runtime
ichiran/dict:split-de-1395670,ichiran/characters:safe-subseq,1,runtime
ichiran/dict:split-de-1395670,ichiran/dict:find-word-seq,1,runtime
ichiran/dict:split-de-1395670,ichiran/dict:true-text,1,runtime
ichiran/dict:split-de-1417790,ichiran/characters:safe-subseq,1,runtime
ichiran/dict:split-de-1417790,ichiran/dict:find-word-seq,1,runtime
ichiran/dict:split-de-1417790,ichiran/dict:true-text,1,runtime
ichiran/dict:split-de-1454270,ichiran/characters:safe-subseq,1,runtime
ichiran/dict:split-de-1454270,ichiran/dict:find-word-seq,1,runtime
ichiran/dict:split-de-1454270,ichiran/dict:true-text,1,runtime
ichiran/dict:split-de-1479100,ichiran/characters:safe-subseq,1,runtime
ichiran/dict:split-de-1479100,ichiran/dict:find-word-seq,1,runtime
ichiran/dict:split-de-1479100,ichiran/dict:true-text,1,runtime
ichiran/dict:split-de-1510140,ichiran/characters:safe-subseq,1,runtime
ichiran/dict:split-de-1510140,ichiran/dict:find-word-seq,1,runtime
ichiran/dict:split-de-1510140,ichiran/dict:true-text,1,runtime
ichiran/dict:split-de-1518550,ichiran/characters:safe-subseq,1,runtime
ichiran/dict:split-de-1518550,ichiran/dict:find-word-seq,1,runtime
ichiran/dict:split-de-1518550,ichiran/dict:true-text,1,runtime
ichiran/dict:split-de-1530610,ichiran/characters:safe-subseq,1,runtime
ichiran/dict:split-de-1530610,ichiran/dict:find-word-seq,1,runtime
ichiran/dict:split-de-1530610,ichiran/dict:true-text,1,runtime
ichiran/dict:split-de-1531420,ichiran/characters:safe-subseq,1,runtime
ichiran/dict:split-de-1531420,ichiran/dict:find-word-seq,1,runtime
ichiran/dict:split-de-1531420,ichiran/dict:true-text,1,runtime
ichiran/dict:split-de-1597400,ichiran/characters:safe-subseq,1,runtime
ichiran/dict:split-de-1597400,ichiran/dict:find-word-seq,1,runtime
ichiran/dict:split-de-1597400,ichiran/dict:true-text,1,runtime
ichiran/dict:split-de-1611020,ichiran/characters:safe-subseq,1,runtime
ichiran/dict:split-de-1611020,ichiran/dict:find-word-seq,1,runtime
ichiran/dict:split-de-1611020,ichiran/dict:true-text,1,runtime
ichiran/dict:split-de-1679990,ichiran/characters:safe-subseq,1,runtime
ichiran/dict:split-de-1679990,ichiran/dict:find-word-seq,1,runtime
ichiran/dict:split-de-1679990,ichiran/dict:true-text,1,runtime
ichiran/dict:split-de-1682060,ichiran/characters:safe-subseq,1,runtime
ichiran/dict:split-de-1682060,ichiran/dict:find-word-seq,1,runtime
ichiran/dict:split-de-1682060,ichiran/dict:true-text,1,runtime
ichiran/dict:split-de-1736650,ichiran/characters:safe-subseq,1,runtime
ichiran/dict:split-de-1736650,ichiran/dict:find-word-seq,1,runtime
ichiran/dict:split-de-1736650,ichiran/dict:true-text,1,runtime
ichiran/dict:split-de-1865020,ichiran/characters:safe-subseq,1,runtime
ichiran/dict:split-de-1865020,ichiran/dict:find-word-seq,1,runtime
ichiran/dict:split-de-1865020,ichiran/dict:true-text,1,runtime
ichiran/dict:split-de-1878880,ichiran/characters:safe-subseq,1,runtime
ichiran/dict:split-de-1878880,ichiran/dict:find-word-seq,1,runtime
ichiran/dict:split-de-1878880,ichiran/dict:true-text,1,runtime
ichiran/dict:split-de-2126220,ichiran/characters:safe-subseq,1,runtime
ichiran/dict:split-de-2126220,ichiran/dict:find-word-seq,1,runtime
ichiran/dict:split-de-2126220,ichiran/dict:true-text,1,runtime
ichiran/dict:split-de-2136520,ichiran/characters:safe-subseq,1,runtime
ichiran/dict:split-de-2136520,ichiran/dict:find-word-seq,1,runtime
ichiran/dict:split-de-2136520,ichiran/dict:true-text,1,runtime
ichiran/dict:split-de-2513590,ichiran/characters:safe-subseq,1,runtime
ichiran/dict:split-de-2513590,ichiran/dict:find-word-seq,1,runtime
ichiran/dict:split-de-2513590,ichiran/dict:true-text,1,runtime
ichiran/dict:split-de-2719270,ichiran/characters:safe-subseq,1,runtime
ichiran/dict:split-de-2719270,ichiran/dict:find-word-seq,1,runtime
ichiran/dict:split-de-2719270,ichiran/dict:true-text,1,runtime
ichiran/dict:split-de-2771850,ichiran/characters:safe-subseq,1,runtime
ichiran/dict:split-de-2771850,ichiran/dict:find-word-seq,1,runtime
ichiran/dict:split-de-2771850,ichiran/dict:true-text,1,runtime
ichiran/dict:split-de-2810720,ichiran/characters:safe-subseq,1,runtime
ichiran/dict:split-de-2810720,ichiran/dict:find-word-seq,1,runtime
ichiran/dict:split-de-2810720,ichiran/dict:true-text,1,runtime
ichiran/dict:split-de-2810800,ichiran/characters:safe-subseq,1,runtime
ichiran/dict:split-de-2810800,ichiran/dict:find-word-seq,1,runtime
ichiran/dict:split-de-2810800,ichiran/dict:true-text,1,runtime
ichiran/dict:split-degozaimasu,ichiran/characters:safe-subseq,1,runtime
ichiran/dict:split-degozaimasu,ichiran/dict:find-word-conj-of,1,runtime
ichiran/dict:split-degozaimasu,ichiran/dict:find-word-seq,1,runtime
ichiran/dict:split-degozaimasu,ichiran/dict:true-text,1,runtime
ichiran/dict:split-deha,ichiran/characters:safe-subseq,1,runtime
ichiran/dict:split-deha,ichiran/dict:find-word-seq,1,runtime
ichiran/dict:split-deha,ichiran/dict:true-text,1,runtime
ichiran/dict:split-desura,ichiran/characters:safe-subseq,1,runtime
ichiran/dict:split-desura,ichiran/dict:find-word-seq,1,runtime
ichiran/dict:split-desura,ichiran/dict:true-text,1,runtime
ichiran/dict:split-do-2142680,ichiran/characters:safe-subseq,1,runtime
ichiran/dict:split-do-2142680,ichiran/dict:find-word-seq,1,runtime
ichiran/dict:split-do-2142680,ichiran/dict:true-text,1,runtime
ichiran/dict:split-do-2142710,ichiran/characters:safe-subseq,1,runtime
ichiran/dict:split-do-2142710,ichiran/dict:find-word-seq,1,runtime
ichiran/dict:split-do-2142710,ichiran/dict:true-text,1,runtime
ichiran/dict:split-do-2523480,ichiran/characters:safe-subseq,1,runtime
ichiran/dict:split-do-2523480,ichiran/dict:find-word-seq,1,runtime
ichiran/dict:split-do-2523480,ichiran/dict:true-text,1,runtime
ichiran/dict:split-do-2803190,ichiran/characters:safe-subseq,1,runtime
ichiran/dict:split-do-2803190,ichiran/dict:find-word-seq,1,runtime
ichiran/dict:split-do-2803190,ichiran/dict:true-text,1,runtime
ichiran/dict:split-dogatsukeru,ichiran/characters:safe-subseq,1,runtime
ichiran/dict:split-dogatsukeru,ichiran/dict:find-word-conj-of,1,runtime
ichiran/dict:split-dogatsukeru,ichiran/dict:find-word-seq,1,runtime
ichiran/dict:split-dogatsukeru,ichiran/dict:true-text,1,runtime
ichiran/dict:split-dokoroka,ichiran/characters:safe-subseq,1,runtime
ichiran/dict:split-dokoroka,ichiran/dict:find-word-seq,1,runtime
ichiran/dict:split-dokoroka,ichiran/dict:true-text,1,runtime
ichiran/dict:split-gotoni,ichiran/characters:safe-subseq,1,runtime
ichiran/dict:split-gotoni,ichiran/dict:find-word-seq,1,runtime
ichiran/dict:split-gotoni,ichiran/dict:true-text,1,runtime
ichiran/dict:split-hairikomeru,ichiran/characters:safe-subseq,1,runtime
ichiran/dict:split-hairikomeru,ichiran/dict:find-word-conj-of,1,runtime
ichiran/dict:split-hairikomeru,ichiran/dict:find-word-seq,1,runtime
ichiran/dict:split-hairikomeru,ichiran/dict:seq,0,runtime
ichiran/dict:split-hairikomeru,ichiran/dict:true-text,1,runtime
ichiran/dict:split-hairikomeru,ichiran/dict:word-type,1,runtime
ichiran/dict:split-hajiketobu,ichiran/characters:safe-subseq,1,runtime
ichiran/dict:split-hajiketobu,ichiran/dict:find-word-conj-of,1,runtime
ichiran/dict:split-hajiketobu,ichiran/dict:find-word-seq,1,runtime
ichiran/dict:split-hajiketobu,ichiran/dict:seq,0,runtime
ichiran/dict:split-hajiketobu,ichiran/dict:true-text,1,runtime
ichiran/dict:split-hajikidasu,ichiran/characters:safe-subseq,1,runtime
ichiran/dict:split-hajikidasu,ichiran/dict:find-word-conj-of,1,runtime
ichiran/dict:split-hajikidasu,ichiran/dict:find-word-seq,1,runtime
ichiran/dict:split-hajikidasu,ichiran/dict:true-text,1,runtime
ichiran/dict:split-hayaimonode,ichiran/characters:safe-subseq,1,runtime
ichiran/dict:split-hayaimonode,ichiran/dict:find-word-seq,1,runtime
ichiran/dict:split-hayaimonode,ichiran/dict:true-text,1,runtime
ichiran/dict:split-hisshininatte,ichiran/characters:safe-subseq,1,runtime
ichiran/dict:split-hisshininatte,ichiran/dict:find-word-conj-of,1,runtime
ichiran/dict:split-hisshininatte,ichiran/dict:find-word-seq,1,runtime
ichiran/dict:split-hisshininatte,ichiran/dict:seq,0,runtime
ichiran/dict:split-hisshininatte,ichiran/dict:true-text,1,runtime
ichiran/dict:split-hitorashii,ichiran/characters:safe-subseq,1,runtime
ichiran/dict:split-hitorashii,ichiran/dict:find-word-seq,1,runtime
ichiran/dict:split-hitorashii,ichiran/dict:true-text,1,runtime
ichiran/dict:split-hitotachi,ichiran/characters:safe-subseq,1,runtime
ichiran/dict:split-hitotachi,ichiran/dict:find-word-seq,1,runtime
ichiran/dict:split-hitotachi,ichiran/dict:true-text,1,runtime
ichiran/dict:split-honno,ichiran/characters:safe-subseq,1,runtime
ichiran/dict:split-honno,ichiran/dict:find-word-seq,1,runtime
ichiran/dict:split-honno,ichiran/dict:true-text,1,runtime
ichiran/dict:split-jan,ichiran/characters:safe-subseq,1,runtime
ichiran/dict:split-jan,ichiran/dict:find-word-seq,1,runtime
ichiran/dict:split-jan,ichiran/dict:true-text,1,runtime
ichiran/dict:split-janai,ichiran/characters:safe-subseq,1,runtime
ichiran/dict:split-janai,ichiran/dict:find-word-conj-of,1,runtime
ichiran/dict:split-janai,ichiran/dict:find-word-seq,1,runtime
ichiran/dict:split-janai,ichiran/dict:true-text,1,runtime
ichiran/dict:split-janaika,ichiran/characters:safe-subseq,1,runtime
ichiran/dict:split-janaika,ichiran/dict:find-word-conj-of,1,runtime
ichiran/dict:split-janaika,ichiran/dict:find-word-seq,1,runtime
ichiran/dict:split-janaika,ichiran/dict:seq,0,runtime
ichiran/dict:split-janaika,ichiran/dict:true-text,1,runtime
ichiran/dict:split-kaasan,ichiran/characters:safe-subseq,1,runtime
ichiran/dict:split-kaasan,ichiran/dict:find-word-seq,1,runtime
ichiran/dict:split-kaasan,ichiran/dict:true-text,1,runtime
ichiran/dict:split-kaasan,ichiran/dict:word-type,1,runtime
ichiran/dict:split-kaisasae,ichiran/characters:safe-subseq,1,runtime
ichiran/dict:split-kaisasae,ichiran/dict:find-word-conj-of,1,runtime
ichiran/dict:split-kaisasae,ichiran/dict:find-word-seq,1,runtime
ichiran/dict:split-kaisasae,ichiran/dict:seq,0,runtime
ichiran/dict:split-kaisasae,ichiran/dict:true-text,1,runtime
ichiran/dict:split-kanatte,ichiran/characters:safe-subseq,1,runtime
ichiran/dict:split-kanatte,ichiran/dict:find-word-seq,1,runtime
ichiran/dict:split-kanatte,ichiran/dict:true-text,1,runtime
ichiran/dict:split-katawonaraberu,ichiran/characters:safe-subseq,1,runtime
ichiran/dict:split-katawonaraberu,ichiran/dict:find-word-conj-of,1,runtime
ichiran/dict:split-katawonaraberu,ichiran/dict:find-word-seq,1,runtime
ichiran/dict:split-katawonaraberu,ichiran/dict:true-text,1,runtime
ichiran/dict:split-kawaribae,ichiran/characters:safe-subseq,1,runtime
ichiran/dict:split-kawaribae,ichiran/dict:find-word-conj-of,1,runtime
ichiran/dict:split-kawaribae,ichiran/dict:find-word-seq,1,runtime
ichiran/dict:split-kawaribae,ichiran/dict:seq,0,runtime
ichiran/dict:split-kawaribae,ichiran/dict:true-text,1,runtime
ichiran/dict:split-kigatsuku,ichiran/characters:safe-subseq,1,runtime
ichiran/dict:split-kigatsuku,ichiran/dict:find-word-conj-of,1,runtime
ichiran/dict:split-kigatsuku,ichiran/dict:find-word-seq,1,runtime
ichiran/dict:split-kigatsuku,ichiran/dict:true-text,1,runtime
ichiran/dict:split-kimatte,ichiran/characters:safe-subseq,1,runtime
ichiran/dict:split-kimatte,ichiran/dict:find-word-conj-of,1,runtime
ichiran/dict:split-kimatte,ichiran/dict:find-word-seq,1,runtime
ichiran/dict:split-kimatte,ichiran/dict:seq,0,runtime
ichiran/dict:split-kimatte,ichiran/dict:true-text,1,runtime
ichiran/dict:split-kinosei,ichiran/characters:safe-subseq,1,runtime
ichiran/dict:split-kinosei,ichiran/dict:find-word-seq,1,runtime
ichiran/dict:split-kinosei,ichiran/dict:true-text,1,runtime
ichiran/dict:split-kotonisuru,ichiran/characters:safe-subseq,1,runtime
ichiran/dict:split-kotonisuru,ichiran/dict:find-word-conj-of,1,runtime
ichiran/dict:split-kotonisuru,ichiran/dict:find-word-seq,1,runtime
ichiran/dict:split-kotonisuru,ichiran/dict:true-text,1,runtime
ichiran/dict:split-motteiku,ichiran/characters:safe-subseq,1,runtime
ichiran/dict:split-motteiku,ichiran/dict:find-word-conj-of,1,runtime
ichiran/dict:split-motteiku,ichiran/dict:find-word-seq,1,runtime
ichiran/dict:split-motteiku,ichiran/dict:seq,0,runtime
ichiran/dict:split-motteiku,ichiran/dict:true-text,1,runtime
ichiran/dict:split-moushiwakenasasou,ichiran/characters:safe-subseq,1,runtime
ichiran/dict:split-moushiwakenasasou,ichiran/dict:find-word-seq,1,runtime
ichiran/dict:split-moushiwakenasasou,ichiran/dict:true-text,1,runtime
ichiran/dict:split-naito,ichiran/characters:safe-subseq,1,runtime
ichiran/dict:split-naito,ichiran/dict:find-word-seq,1,runtime
ichiran/dict:split-naito,ichiran/dict:true-text,1,runtime
ichiran/dict:split-nakunaru,ichiran/characters:safe-subseq,1,runtime
ichiran/dict:split-nakunaru,ichiran/dict:find-word-conj-of,1,runtime
ichiran/dict:split-nakunaru,ichiran/dict:find-word-seq,1,runtime
ichiran/dict:split-nakunaru,ichiran/dict:seq,0,runtime
ichiran/dict:split-nakunaru,ichiran/dict:true-text,1,runtime
ichiran/dict:split-nakunaru2,ichiran/characters:safe-subseq,1,runtime
ichiran/dict:split-nakunaru2,ichiran/dict:find-word-conj-of,1,runtime
ichiran/dict:split-nakunaru2,ichiran/dict:find-word-seq,1,runtime
ichiran/dict:split-nakunaru2,ichiran/dict:seq,0,runtime
ichiran/dict:split-nakunaru2,ichiran/dict:true-text,1,runtime
ichiran/dict:split-nakunaru2,ichiran/dict:word-type,1,runtime
ichiran/dict:split-nanimokamo,ichiran/characters:safe-subseq,1,runtime
ichiran/dict:split-nanimokamo,ichiran/dict:find-word-seq,1,runtime
ichiran/dict:split-nanimokamo,ichiran/dict:true-text,1,runtime
ichiran/dict:split-nantokanaru,ichiran/characters:safe-subseq,1,runtime
ichiran/dict:split-nantokanaru,ichiran/dict:find-word-conj-of,1,runtime
ichiran/dict:split-nantokanaru,ichiran/dict:find-word-seq,1,runtime
ichiran/dict:split-nantokanaru,ichiran/dict:true-text,1,runtime
ichiran/dict:split-nara,ichiran/characters:safe-subseq,1,runtime
ichiran/dict:split-nara,ichiran/dict:find-word-conj-of,1,runtime
ichiran/dict:split-nara,ichiran/dict:find-word-seq,1,runtime
ichiran/dict:split-nara,ichiran/dict:seq,0,runtime
ichiran/dict:split-nara,ichiran/dict:true-text,1,runtime
ichiran/dict:split-nitotte,ichiran/characters:safe-subseq,1,runtime
ichiran/dict:split-nitotte,ichiran/dict:find-word-conj-of,1,runtime
ichiran/dict:split-nitotte,ichiran/dict:find-word-seq,1,runtime
ichiran/dict:split-nitotte,ichiran/dict:seq,0,runtime
ichiran/dict:split-nitotte,ichiran/dict:true-text,1,runtime
ichiran/dict:split-omise,ichiran/characters:safe-subseq,1,runtime
ichiran/dict:split-omise,ichiran/dict:find-word-seq,1,runtime
ichiran/dict:split-omise,ichiran/dict:true-text,1,runtime
ichiran/dict:split-osagari,ichiran/characters:safe-subseq,1,runtime
ichiran/dict:split-osagari,ichiran/dict:find-word-seq,1,runtime
ichiran/dict:split-osagari,ichiran/dict:true-text,1,runtime
ichiran/dict:split-osoreiru,ichiran/characters:safe-subseq,1,runtime
ichiran/dict:split-osoreiru,ichiran/dict:find-word-conj-of,1,runtime
ichiran/dict:split-osoreiru,ichiran/dict:find-word-seq,1,runtime
ichiran/dict:split-osoreiru,ichiran/dict:true-text,1,runtime
ichiran/dict:split-shi-1005700,ichiran/characters:safe-subseq,1,runtime
ichiran/dict:split-shi-1005700,ichiran/dict:find-word-conj-of,1,runtime
ichiran/dict:split-shi-1005700,ichiran/dict:find-word-seq,1,runtime
ichiran/dict:split-shi-1005700,ichiran/dict:seq,0,runtime
ichiran/dict:split-shi-1005700,ichiran/dict:true-text,1,runtime
ichiran/dict:split-shi-1005830,ichiran/characters:safe-subseq,1,runtime
ichiran/dict:split-shi-1005830,ichiran/dict:find-word-conj-of,1,runtime
ichiran/dict:split-shi-1005830,ichiran/dict:find-word-seq,1,runtime
ichiran/dict:split-shi-1005830,ichiran/dict:seq,0,runtime
ichiran/dict:split-shi-1005830,ichiran/dict:true-text,1,runtime
ichiran/dict:split-shi-1157200,ichiran/characters:safe-subseq,1,runtime
ichiran/dict:split-shi-1157200,ichiran/dict:find-word-conj-of,1,runtime
ichiran/dict:split-shi-1157200,ichiran/dict:find-word-seq,1,runtime
ichiran/dict:split-shi-1157200,ichiran/dict:seq,0,runtime
ichiran/dict:split-shi-1157200,ichiran/dict:true-text,1,runtime
ichiran/dict:split-shi-1157220,ichiran/characters:safe-subseq,1,runtime
ichiran/dict:split-shi-1157220,ichiran/dict:find-word-conj-of,1,runtime
ichiran/dict:split-shi-1157220,ichiran/dict:find-word-seq,1,runtime
ichiran/dict:split-shi-1157220,ichiran/dict:seq,0,runtime
ichiran/dict:split-shi-1157220,ichiran/dict:true-text,1,runtime
ichiran/dict:split-shi-1157230,ichiran/characters:safe-subseq,1,runtime
ichiran/dict:split-shi-1157230,ichiran/dict:find-word-conj-of,1,runtime
ichiran/dict:split-shi-1157230,ichiran/dict:find-word-seq,1,runtime
ichiran/dict:split-shi-1157230,ichiran/dict:seq,0,runtime
ichiran/dict:split-shi-1157230,ichiran/dict:true-text,1,runtime
ichiran/dict:split-shi-1157240,ichiran/characters:safe-subseq,1,runtime
ichiran/dict:split-shi-1157240,ichiran/dict:find-word-conj-of,1,runtime
ichiran/dict:split-shi-1157240,ichiran/dict:find-word-seq,1,runtime
ichiran/dict:split-shi-1157240,ichiran/dict:seq,0,runtime
ichiran/dict:split-shi-1157240,ichiran/dict:true-text,1,runtime
ichiran/dict:split-shi-1157280,ichiran/characters:safe-subseq,1,runtime
ichiran/dict:split-shi-1157280,ichiran/dict:find-word-conj-of,1,runtime
ichiran/dict:split-shi-1157280,ichiran/dict:find-word-seq,1,runtime
ichiran/dict:split-shi-1157280,ichiran/dict:seq,0,runtime
ichiran/dict:split-shi-1157280,ichiran/dict:true-text,1,runtime
ichiran/dict:split-shi-1157310,ichiran/characters:safe-subseq,1,runtime
ichiran/dict:split-shi-1157310,ichiran/dict:find-word-conj-of,1,runtime
ichiran/dict:split-shi-1157310,ichiran/dict:find-word-seq,1,runtime
ichiran/dict:split-shi-1157310,ichiran/dict:seq,0,runtime
ichiran/dict:split-shi-1157310,ichiran/dict:true-text,1,runtime
ichiran/dict:split-shi-1304820,ichiran/characters:safe-subseq,1,runtime
ichiran/dict:split-shi-1304820,ichiran/dict:find-word-conj-of,1,runtime
ichiran/dict:split-shi-1304820,ichiran/dict:find-word-seq,1,runtime
ichiran/dict:split-shi-1304820,ichiran/dict:seq,0,runtime
ichiran/dict:split-shi-1304820,ichiran/dict:true-text,1,runtime
ichiran/dict:split-shi-1304890,ichiran/characters:safe-subseq,1,runtime
ichiran/dict:split-shi-1304890,ichiran/dict:find-word-conj-of,1,runtime
ichiran/dict:split-shi-1304890,ichiran/dict:find-word-seq,1,runtime
ichiran/dict:split-shi-1304890,ichiran/dict:seq,0,runtime
ichiran/dict:split-shi-1304890,ichiran/dict:true-text,1,runtime
ichiran/dict:split-shi-1304960,ichiran/characters:safe-subseq,1,runtime
ichiran/dict:split-shi-1304960,ichiran/dict:find-word-conj-of,1,runtime
ichiran/dict:split-shi-1304960,ichiran/dict:find-word-seq,1,runtime
ichiran/dict:split-shi-1304960,ichiran/dict:seq,0,runtime
ichiran/dict:split-shi-1304960,ichiran/dict:true-text,1,runtime
ichiran/dict:split-shi-1305110,ichiran/characters:safe-subseq,1,runtime
ichiran/dict:split-shi-1305110,ichiran/dict:find-word-conj-of,1,runtime
ichiran/dict:split-shi-1305110,ichiran/dict:find-word-seq,1,runtime
ichiran/dict:split-shi-1305110,ichiran/dict:seq,0,runtime
ichiran/dict:split-shi-1305110,ichiran/dict:true-text,1,runtime
ichiran/dict:split-shi-1305280,ichiran/characters:safe-subseq,1,runtime
ichiran/dict:split-shi-1305280,ichiran/dict:find-word-conj-of,1,runtime
ichiran/dict:split-shi-1305280,ichiran/dict:find-word-seq,1,runtime
ichiran/dict:split-shi-1305280,ichiran/dict:seq,0,runtime
ichiran/dict:split-shi-1305280,ichiran/dict:true-text,1,runtime
ichiran/dict:split-shi-1305290,ichiran/characters:safe-subseq,1,runtime
ichiran/dict:split-shi-1305290,ichiran/dict:find-word-conj-of,1,runtime
ichiran/dict:split-shi-1305290,ichiran/dict:find-word-seq,1,runtime
ichiran/dict:split-shi-1305290,ichiran/dict:seq,0,runtime
ichiran/dict:split-shi-1305290,ichiran/dict:true-text,1,runtime
ichiran/dict:split-shi-1594300,ichiran/characters:safe-subseq,1,runtime
ichiran/dict:split-shi-1594300,ichiran/dict:find-word-conj-of,1,runtime
ichiran/dict:split-shi-1594300,ichiran/dict:find-word-seq,1,runtime
ichiran/dict:split-shi-1594300,ichiran/dict:seq,0,runtime
ichiran/dict:split-shi-1594300,ichiran/dict:true-text,1,runtime
ichiran/dict:split-shi-1594310,ichiran/characters:safe-subseq,1,runtime
ichiran/dict:split-shi-1594310,ichiran/dict:find-word-conj-of,1,runtime
ichiran/dict:split-shi-1594310,ichiran/dict:find-word-seq,1,runtime
ichiran/dict:split-shi-1594310,ichiran/dict:seq,0,runtime
ichiran/dict:split-shi-1594310,ichiran/dict:true-text,1,runtime
ichiran/dict:split-shi-1594460,ichiran/characters:safe-subseq,1,runtime
ichiran/dict:split-shi-1594460,ichiran/dict:find-word-conj-of,1,runtime
ichiran/dict:split-shi-1594460,ichiran/dict:find-word-seq,1,runtime
ichiran/dict:split-shi-1594460,ichiran/dict:seq,0,runtime
ichiran/dict:split-shi-1594460,ichiran/dict:true-text,1,runtime
ichiran/dict:split-shi-1594580,ichiran/characters:safe-subseq,1,runtime
ichiran/dict:split-shi-1594580,ichiran/dict:find-word-conj-of,1,runtime
ichiran/dict:split-shi-1594580,ichiran/dict:find-word-seq,1,runtime
ichiran/dict:split-shi-1594580,ichiran/dict:seq,0,runtime
ichiran/dict:split-shi-1594580,ichiran/dict:true-text,1,runtime
ichiran/dict:split-shi-2518250,ichiran/characters:safe-subseq,1,runtime
ichiran/dict:split-shi-2518250,ichiran/dict:find-word-conj-of,1,runtime
ichiran/dict:split-shi-2518250,ichiran/dict:find-word-seq,1,runtime
ichiran/dict:split-shi-2518250,ichiran/dict:seq,0,runtime
ichiran/dict:split-shi-2518250,ichiran/dict:true-text,1,runtime
ichiran/dict:split-shi-2858937,ichiran/characters:safe-subseq,1,runtime
ichiran/dict:split-shi-2858937,ichiran/dict:find-word-conj-of,1,runtime
ichiran/dict:split-shi-2858937,ichiran/dict:find-word-seq,1,runtime
ichiran/dict:split-shi-2858937,ichiran/dict:seq,0,runtime
ichiran/dict:split-shi-2858937,ichiran/dict:true-text,1,runtime
ichiran/dict:split-shinikakaru,ichiran/characters:safe-subseq,1,runtime
ichiran/dict:split-shinikakaru,ichiran/dict:find-word-conj-of,1,runtime
ichiran/dict:split-shinikakaru,ichiran/dict:find-word-seq,1,runtime
ichiran/dict:split-shinikakaru,ichiran/dict:true-text,1,runtime
ichiran/dict:split-souda,ichiran/characters:safe-subseq,1,runtime
ichiran/dict:split-souda,ichiran/dict:find-word-seq,1,runtime
ichiran/dict:split-souda,ichiran/dict:true-text,1,runtime
ichiran/dict:split-soudesu,ichiran/characters:safe-subseq,1,runtime
ichiran/dict:split-soudesu,ichiran/dict:find-word-seq,1,runtime
ichiran/dict:split-soudesu,ichiran/dict:true-text,1,runtime
ichiran/dict:split-tegakakaru,ichiran/characters:safe-subseq,1,runtime
ichiran/dict:split-tegakakaru,ichiran/dict:find-word-conj-of,1,runtime
ichiran/dict:split-tegakakaru,ichiran/dict:find-word-seq,1,runtime
ichiran/dict:split-tegakakaru,ichiran/dict:true-text,1,runtime
ichiran/dict:split-toha,ichiran/characters:safe-subseq,1,runtime
ichiran/dict:split-toha,ichiran/dict:find-word-seq,1,runtime
ichiran/dict:split-toha,ichiran/dict:true-text,1,runtime
ichiran/dict:split-toiu,ichiran/characters:safe-subseq,1,runtime
ichiran/dict:split-toiu,ichiran/dict:find-word-conj-of,1,runtime
ichiran/dict:split-toiu,ichiran/dict:find-word-seq,1,runtime
ichiran/dict:split-toiu,ichiran/dict:true-text,1,runtime
ichiran/dict:split-toiukotoda,ichiran/characters:safe-subseq,1,runtime
ichiran/dict:split-toiukotoda,ichiran/dict:find-word-seq,1,runtime
ichiran/dict:split-toiukotoda,ichiran/dict:true-text,1,runtime
ichiran/dict:split-tokorode,ichiran/characters:safe-subseq,1,runtime
ichiran/dict:split-tokorode,ichiran/dict:find-word-seq,1,runtime
ichiran/dict:split-tokorode,ichiran/dict:true-text,1,runtime
ichiran/dict:split-tokorodewa,ichiran/characters:safe-subseq,1,runtime
ichiran/dict:split-tokorodewa,ichiran/dict:find-word-seq,1,runtime
ichiran/dict:split-tokorodewa,ichiran/dict:true-text,1,runtime
ichiran/dict:split-tokoroe,ichiran/characters:safe-subseq,1,runtime
ichiran/dict:split-tokoroe,ichiran/dict:find-word-seq,1,runtime
ichiran/dict:split-tokoroe,ichiran/dict:true-text,1,runtime
ichiran/dict:split-tokoroga,ichiran/characters:safe-subseq,1,runtime
ichiran/dict:split-tokoroga,ichiran/dict:find-word-seq,1,runtime
ichiran/dict:split-tokoroga,ichiran/dict:true-text,1,runtime
ichiran/dict:split-tokorowo,ichiran/characters:safe-subseq,1,runtime
ichiran/dict:split-tokorowo,ichiran/dict:find-word-seq,1,runtime
ichiran/dict:split-tokorowo,ichiran/dict:true-text,1,runtime
ichiran/dict:split-tonaru,ichiran/characters:safe-subseq,1,runtime
ichiran/dict:split-tonaru,ichiran/dict:find-word-conj-of,1,runtime
ichiran/dict:split-tonaru,ichiran/dict:find-word-seq,1,runtime
ichiran/dict:split-tonaru,ichiran/dict:true-text,1,runtime
ichiran/dict:split-tonattara,ichiran/characters:safe-subseq,1,runtime
ichiran/dict:split-tonattara,ichiran/dict:find-word-conj-of,1,runtime
ichiran/dict:split-tonattara,ichiran/dict:find-word-seq,1,runtime
ichiran/dict:split-tonattara,ichiran/dict:seq,0,runtime
ichiran/dict:split-tonattara,ichiran/dict:true-text,1,runtime
ichiran/dict:split-toori-1164910,ichiran/characters:safe-subseq,1,runtime
ichiran/dict:split-toori-1164910,ichiran/dict:find-word-seq,1,runtime
ichiran/dict:split-toori-1164910,ichiran/dict:true-text,1,runtime
ichiran/dict:split-toori-1164910,ichiran/dict:word-type,1,runtime
ichiran/dict:split-toori-1260990,ichiran/characters:safe-subseq,1,runtime
ichiran/dict:split-toori-1260990,ichiran/dict:find-word-seq,1,runtime
ichiran/dict:split-toori-1260990,ichiran/dict:true-text,1,runtime
ichiran/dict:split-toori-1260990,ichiran/dict:word-type,1,runtime
ichiran/dict:split-toori-1368820,ichiran/characters:safe-subseq,1,runtime
ichiran/dict:split-toori-1368820,ichiran/dict:find-word-seq,1,runtime
ichiran/dict:split-toori-1368820,ichiran/dict:true-text,1,runtime
ichiran/dict:split-toori-1368820,ichiran/dict:word-type,1,runtime
ichiran/dict:split-toori-1414570,ichiran/characters:safe-subseq,1,runtime
ichiran/dict:split-toori-1414570,ichiran/dict:find-word-seq,1,runtime
ichiran/dict:split-toori-1414570,ichiran/dict:true-text,1,runtime
ichiran/dict:split-toori-1414570,ichiran/dict:word-type,1,runtime
ichiran/dict:split-toori-1424950,ichiran/characters:safe-subseq,1,runtime
ichiran/dict:split-toori-1424950,ichiran/dict:find-word-seq,1,runtime
ichiran/dict:split-toori-1424950,ichiran/dict:true-text,1,runtime
ichiran/dict:split-toori-1424950,ichiran/dict:word-type,1,runtime
ichiran/dict:split-toori-1424960,ichiran/characters:safe-subseq,1,runtime
ichiran/dict:split-toori-1424960,ichiran/dict:find-word-seq,1,runtime
ichiran/dict:split-toori-1424960,ichiran/dict:true-text,1,runtime
ichiran/dict:split-toori-1424960,ichiran/dict:word-type,1,runtime
ichiran/dict:split-toori-1462720,ichiran/characters:safe-subseq,1,runtime
ichiran/dict:split-toori-1462720,ichiran/dict:find-word-seq,1,runtime
ichiran/dict:split-toori-1462720,ichiran/dict:true-text,1,runtime
ichiran/dict:split-toori-1462720,ichiran/dict:word-type,1,runtime
ichiran/dict:split-toori-1489800,ichiran/characters:safe-subseq,1,runtime
ichiran/dict:split-toori-1489800,ichiran/dict:find-word-seq,1,runtime
ichiran/dict:split-toori-1489800,ichiran/dict:true-text,1,runtime
ichiran/dict:split-toori-1489800,ichiran/dict:word-type,1,runtime
ichiran/dict:split-toori-1523010,ichiran/characters:safe-subseq,1,runtime
ichiran/dict:split-toori-1523010,ichiran/dict:find-word-seq,1,runtime
ichiran/dict:split-toori-1523010,ichiran/dict:true-text,1,runtime
ichiran/dict:split-toori-1523010,ichiran/dict:word-type,1,runtime
ichiran/dict:split-toori-1550490,ichiran/characters:safe-subseq,1,runtime
ichiran/dict:split-toori-1550490,ichiran/dict:find-word-seq,1,runtime
ichiran/dict:split-toori-1550490,ichiran/dict:true-text,1,runtime
ichiran/dict:split-toori-1550490,ichiran/dict:word-type,1,runtime
ichiran/dict:split-toori-1619440,ichiran/characters:safe-subseq,1,runtime
ichiran/dict:split-toori-1619440,ichiran/dict:find-word-seq,1,runtime
ichiran/dict:split-toori-1619440,ichiran/dict:true-text,1,runtime
ichiran/dict:split-toori-1619440,ichiran/dict:word-type,1,runtime
ichiran/dict:split-toori-1808080,ichiran/characters:safe-subseq,1,runtime
ichiran/dict:split-toori-1808080,ichiran/dict:find-word-seq,1,runtime
ichiran/dict:split-toori-1808080,ichiran/dict:true-text,1,runtime
ichiran/dict:split-toori-1808080,ichiran/dict:word-type,1,runtime
ichiran/dict:split-toori-1820790,ichiran/characters:safe-subseq,1,runtime
ichiran/dict:split-toori-1820790,ichiran/dict:find-word-seq,1,runtime
ichiran/dict:split-toori-1820790,ichiran/dict:true-text,1,runtime
ichiran/dict:split-toori-1820790,ichiran/dict:word-type,1,runtime
ichiran/dict:strip-hints,ichiran/dict:*hint-char-map*,1,source
ichiran/dict:subseq-slice,ichiran/dict:make-slice,1,both
ichiran/dict:substring-index,ichiran/dict:join-substring-words,1,both
ichiran/dict:substring-index,ichiran/dict:segment-list-end,1,both
ichiran/dict:substring-index,ichiran/dict:segment-list-start,1,both
ichiran/dict:suffix-adv,ichiran/characters:destem,1,runtime
ichiran/dict:suffix-adv,ichiran/dict:adjoin-word,1,runtime
ichiran/dict:suffix-adv,ichiran/dict:find-word-with-conj-type,1,runtime
ichiran/dict:suffix-adv,ichiran/dict:get-kana,1,runtime
ichiran/dict:suffix-chau,ichiran/characters:destem,1,runtime
ichiran/dict:suffix-chau,ichiran/dict:adjoin-word,1,runtime
ichiran/dict:suffix-chau,ichiran/dict:find-word-with-conj-type,1,runtime
ichiran/dict:suffix-chau,ichiran/dict:get-kana,1,runtime
ichiran/dict:suffix-desho,ichiran/characters:destem,1,runtime
ichiran/dict:suffix-desho,ichiran/dict:adjoin-word,1,runtime
ichiran/dict:suffix-desho,ichiran/dict:conj-data-prop,1,runtime
ichiran/dict:suffix-desho,ichiran/dict:conj-neg,0,runtime
ichiran/dict:suffix-desho,ichiran/dict:find-word-with-conj-prop,1,runtime
ichiran/dict:suffix-desho,ichiran/dict:get-kana,1,runtime
ichiran/dict:suffix-desu,ichiran/characters:destem,1,runtime
ichiran/dict:suffix-desu,ichiran/dict:adjoin-word,1,runtime
ichiran/dict:suffix-desu,ichiran/dict:conj-data-prop,1,runtime
ichiran/dict:suffix-desu,ichiran/dict:conj-neg,0,runtime
ichiran/dict:suffix-desu,ichiran/dict:find-word-with-conj-prop,1,runtime
ichiran/dict:suffix-desu,ichiran/dict:get-kana,1,runtime
ichiran/dict:suffix-garu,ichiran/characters:destem,1,runtime
ichiran/dict:suffix-garu,ichiran/dict:adjoin-word,1,runtime
ichiran/dict:suffix-garu,ichiran/dict:apply-patch,1,runtime
ichiran/dict:suffix-garu,ichiran/dict:find-word-with-conj-type,1,runtime
ichiran/dict:suffix-garu,ichiran/dict:find-word-with-suffix,1,runtime
ichiran/dict:suffix-garu,ichiran/dict:get-kana,1,runtime
ichiran/dict:suffix-iadj,ichiran/characters:destem,1,runtime
ichiran/dict:suffix-iadj,ichiran/dict:adjoin-word,1,runtime
ichiran/dict:suffix-iadj,ichiran/dict:find-word-with-conj-type,1,runtime
ichiran/dict:suffix-iadj,ichiran/dict:get-kana,1,runtime
ichiran/dict:suffix-kudasai,ichiran/characters:destem,1,runtime
ichiran/dict:suffix-kudasai,ichiran/dict:adjoin-word,1,runtime
ichiran/dict:suffix-kudasai,ichiran/dict:get-kana,1,runtime
ichiran/dict:suffix-kudasai,ichiran/dict:te-check,1,runtime
ichiran/dict:suffix-kurai,ichiran/characters:destem,1,runtime
ichiran/dict:suffix-kurai,ichiran/dict:adjoin-word,1,runtime
ichiran/dict:suffix-kurai,ichiran/dict:find-word-with-conj-type,1,runtime
ichiran/dict:suffix-kurai,ichiran/dict:get-kana,1,runtime
ichiran/dict:suffix-neg,ichiran/characters:destem,1,runtime
ichiran/dict:suffix-neg,ichiran/dict:adjoin-word,1,runtime
ichiran/dict:suffix-neg,ichiran/dict:find-word-with-conj-type,1,runtime
ichiran/dict:suffix-neg,ichiran/dict:get-kana,1,runtime
ichiran/dict:suffix-ra,ichiran/characters:destem,1,runtime
ichiran/dict:suffix-ra,ichiran/dict:adjoin-word,1,runtime
ichiran/dict:suffix-ra,ichiran/dict:find-word-seq,1,runtime
ichiran/dict:suffix-ra,ichiran/dict:get-kana,1,runtime
ichiran/dict:suffix-ra,ichiran/dict:or-as-hiragana,1,runtime
ichiran/dict:suffix-rashii,ichiran/characters:destem,1,runtime
ichiran/dict:suffix-rashii,ichiran/dict:adjoin-word,1,runtime
ichiran/dict:suffix-rashii,ichiran/dict:find-word-with-conj-type,1,runtime
ichiran/dict:suffix-rashii,ichiran/dict:get-kana,1,runtime
ichiran/dict:suffix-rashii,ichiran/dict:pair-words-by-conj,1,runtime
ichiran/dict:suffix-ren,ichiran/characters:destem,1,runtime
ichiran/dict:suffix-ren,ichiran/dict:adjoin-word,1,runtime
ichiran/dict:suffix-ren,ichiran/dict:find-word-with-conj-type,1,runtime
ichiran/dict:suffix-ren,ichiran/dict:get-kana,1,runtime
ichiran/dict:suffix-ren-,ichiran/characters:destem,1,runtime
ichiran/dict:suffix-ren-,ichiran/dict:adjoin-word,1,runtime
ichiran/dict:suffix-ren-,ichiran/dict:find-word-with-conj-type,1,runtime
ichiran/dict:suffix-ren-,ichiran/dict:get-kana,1,runtime
ichiran/dict:suffix-rou,ichiran/characters:destem,1,runtime
ichiran/dict:suffix-rou,ichiran/dict:adjoin-word,1,runtime
ichiran/dict:suffix-rou,ichiran/dict:find-word-with-conj-type,1,runtime
ichiran/dict:suffix-rou,ichiran/dict:get-kana,1,runtime
ichiran/dict:suffix-sa,ichiran/characters:destem,1,runtime
ichiran/dict:suffix-sa,ichiran/dict:adjoin-word,1,runtime
ichiran/dict:suffix-sa,ichiran/dict:find-word-with-conj-type,1,runtime
ichiran/dict:suffix-sa,ichiran/dict:find-word-with-pos,1,runtime
ichiran/dict:suffix-sa,ichiran/dict:get-kana,1,runtime
ichiran/dict:suffix-sou,ichiran/characters:destem,1,runtime
ichiran/dict:suffix-sou,ichiran/dict:adjoin-word,1,runtime
ichiran/dict:suffix-sou,ichiran/dict:apply-patch,1,runtime
ichiran/dict:suffix-sou,ichiran/dict:conj-data-prop,1,runtime
ichiran/dict:suffix-sou,ichiran/dict:conj-neg,0,runtime
ichiran/dict:suffix-sou,ichiran/dict:find-word-with-conj-prop,1,runtime
ichiran/dict:suffix-sou,ichiran/dict:find-word-with-conj-type,1,runtime
ichiran/dict:suffix-sou,ichiran/dict:get-kana,1,runtime
ichiran/dict:suffix-sou+,ichiran/characters:destem,1,runtime
ichiran/dict:suffix-sou+,ichiran/dict:adjoin-word,1,runtime
ichiran/dict:suffix-sou+,ichiran/dict:apply-patch,1,runtime
ichiran/dict:suffix-sou+,ichiran/dict:conj-data-prop,1,runtime
ichiran/dict:suffix-sou+,ichiran/dict:conj-neg,0,runtime
ichiran/dict:suffix-sou+,ichiran/dict:find-word-with-conj-prop,1,runtime
ichiran/dict:suffix-sou+,ichiran/dict:find-word-with-conj-type,1,runtime
ichiran/dict:suffix-sou+,ichiran/dict:get-kana,1,runtime
ichiran/dict:suffix-sou-base,ichiran/dict:*suffix-map-temp*,1,source
ichiran/dict:suffix-sou-base,ichiran/dict:apply-patch,1,source
ichiran/dict:suffix-sou-base,ichiran/dict:conj-data-prop,1,source
ichiran/dict:suffix-sou-base,ichiran/dict:find-word-with-conj-prop,1,source
ichiran/dict:suffix-sou-base,ichiran/dict:find-word-with-conj-type,1,source
ichiran/dict:suffix-sugiru,ichiran/characters:destem,1,runtime
ichiran/dict:suffix-sugiru,ichiran/dict:adjoin-word,1,runtime
ichiran/dict:suffix-sugiru,ichiran/dict:apply-patch,1,runtime
ichiran/dict:suffix-sugiru,ichiran/dict:conj-data-prop,1,runtime
ichiran/dict:suffix-sugiru,ichiran/dict:conj-neg,0,runtime
ichiran/dict:suffix-sugiru,ichiran/dict:find-word-with-conj-prop,1,runtime
ichiran/dict:suffix-sugiru,ichiran/dict:find-word-with-pos,1,runtime
ichiran/dict:suffix-sugiru,ichiran/dict:get-kana,1,runtime
ichiran/dict:suffix-suru,ichiran/characters:destem,1,runtime
ichiran/dict:suffix-suru,ichiran/dict:adjoin-word,1,runtime
ichiran/dict:suffix-suru,ichiran/dict:find-word-with-pos,1,runtime
ichiran/dict:suffix-suru,ichiran/dict:get-kana,1,runtime
ichiran/dict:suffix-tai,ichiran/characters:destem,1,runtime
ichiran/dict:suffix-tai,ichiran/dict:adjoin-word,1,runtime
ichiran/dict:suffix-tai,ichiran/dict:find-word-with-conj-type,1,runtime
ichiran/dict:suffix-tai,ichiran/dict:get-kana,1,runtime
ichiran/dict:suffix-te,ichiran/characters:destem,1,runtime
ichiran/dict:suffix-te,ichiran/dict:adjoin-word,1,runtime
ichiran/dict:suffix-te,ichiran/dict:get-kana,1,runtime
ichiran/dict:suffix-te,ichiran/dict:te-check,1,runtime
ichiran/dict:suffix-te+space,ichiran/characters:destem,1,runtime
ichiran/dict:suffix-te+space,ichiran/dict:adjoin-word,1,runtime
ichiran/dict:suffix-te+space,ichiran/dict:get-kana,1,runtime
ichiran/dict:suffix-te+space,ichiran/dict:te-check,1,runtime
ichiran/dict:suffix-te-ren,ichiran/characters:destem,1,runtime
ichiran/dict:suffix-te-ren,ichiran/dict:adjoin-word,1,runtime
ichiran/dict:suffix-te-ren,ichiran/dict:find-word-with-conj-type,1,runtime
ichiran/dict:suffix-te-ren,ichiran/dict:get-kana,1,runtime
ichiran/dict:suffix-teii,ichiran/characters:destem,1,runtime
ichiran/dict:suffix-teii,ichiran/dict:adjoin-word,1,runtime
ichiran/dict:suffix-teii,ichiran/dict:find-word-with-conj-type,1,runtime
ichiran/dict:suffix-teii,ichiran/dict:get-kana,1,runtime
ichiran/dict:suffix-teiru,ichiran/characters:destem,1,runtime
ichiran/dict:suffix-teiru,ichiran/dict:adjoin-word,1,runtime
ichiran/dict:suffix-teiru,ichiran/dict:get-kana,1,runtime
ichiran/dict:suffix-teiru,ichiran/dict:teiru-check,1,runtime
ichiran/dict:suffix-teiru+,ichiran/characters:destem,1,runtime
ichiran/dict:suffix-teiru+,ichiran/dict:adjoin-word,1,runtime
ichiran/dict:suffix-teiru+,ichiran/dict:get-kana,1,runtime
ichiran/dict:suffix-teiru+,ichiran/dict:teiru-check,1,runtime
ichiran/dict:suffix-to,ichiran/characters:destem,1,runtime
ichiran/dict:suffix-to,ichiran/dict:adjoin-word,1,runtime
ichiran/dict:suffix-to,ichiran/dict:find-word-with-conj-type,1,runtime
ichiran/dict:suffix-to,ichiran/dict:get-kana,1,runtime
ichiran/dict:suffix-tosuru,ichiran/characters:destem,1,runtime
ichiran/dict:suffix-tosuru,ichiran/dict:adjoin-word,1,runtime
ichiran/dict:suffix-tosuru,ichiran/dict:find-word-with-conj-type,1,runtime
ichiran/dict:suffix-tosuru,ichiran/dict:get-kana,1,runtime
ichiran/dict:synergy-kanji-prefix,ichiran/dict:filter-in-seq-set,1,runtime
ichiran/dict:synergy-kanji-prefix,ichiran/dict:make-segment-list-from,1,runtime
ichiran/dict:synergy-kanji-prefix,ichiran/dict:make-synergy,1,runtime
ichiran/dict:synergy-kanji-prefix,ichiran/dict:segment-info,1,runtime
ichiran/dict:synergy-kanji-prefix,ichiran/dict:segment-list-end,1,runtime
ichiran/dict:synergy-kanji-prefix,ichiran/dict:segment-list-segments,1,runtime
ichiran/dict:synergy-kanji-prefix,ichiran/dict:segment-list-start,1,runtime
ichiran/dict:synergy-na-adjectives,ichiran/dict:filter-in-seq-set,1,runtime
ichiran/dict:synergy-na-adjectives,ichiran/dict:make-segment-list-from,1,runtime
ichiran/dict:synergy-na-adjectives,ichiran/dict:make-synergy,1,runtime
ichiran/dict:synergy-na-adjectives,ichiran/dict:segment-info,1,runtime
ichiran/dict:synergy-na-adjectives,ichiran/dict:segment-list-end,1,runtime
ichiran/dict:synergy-na-adjectives,ichiran/dict:segment-list-segments,1,runtime
ichiran/dict:synergy-na-adjectives,ichiran/dict:segment-list-start,1,runtime
ichiran/dict:synergy-no-adjectives,ichiran/dict:filter-in-seq-set,1,runtime
ichiran/dict:synergy-no-adjectives,ichiran/dict:make-segment-list-from,1,runtime
ichiran/dict:synergy-no-adjectives,ichiran/dict:make-synergy,1,runtime
ichiran/dict:synergy-no-adjectives,ichiran/dict:segment-info,1,runtime
ichiran/dict:synergy-no-adjectives,ichiran/dict:segment-list-end,1,runtime
ichiran/dict:synergy-no-adjectives,ichiran/dict:segment-list-segments,1,runtime
ichiran/dict:synergy-no-adjectives,ichiran/dict:segment-list-start,1,runtime
ichiran/dict:synergy-no-da,ichiran/dict:filter-in-seq-set,1,runtime
ichiran/dict:synergy-no-da,ichiran/dict:make-segment-list-from,1,runtime
ichiran/dict:synergy-no-da,ichiran/dict:make-synergy,1,runtime
ichiran/dict:synergy-no-da,ichiran/dict:segment-info,1,runtime
ichiran/dict:synergy-no-da,ichiran/dict:segment-list-end,1,runtime
ichiran/dict:synergy-no-da,ichiran/dict:segment-list-segments,1,runtime
ichiran/dict:synergy-no-da,ichiran/dict:segment-list-start,1,runtime
ichiran/dict:synergy-no-toori,ichiran/dict:filter-in-seq-set,1,runtime
ichiran/dict:synergy-no-toori,ichiran/dict:make-segment-list-from,1,runtime
ichiran/dict:synergy-no-toori,ichiran/dict:make-synergy,1,runtime
ichiran/dict:synergy-no-toori,ichiran/dict:segment-info,1,runtime
ichiran/dict:synergy-no-toori,ichiran/dict:segment-list-end,1,runtime
ichiran/dict:synergy-no-toori,ichiran/dict:segment-list-segments,1,runtime
ichiran/dict:synergy-no-toori,ichiran/dict:segment-list-start,1,runtime
ichiran/dict:synergy-noun-da,ichiran/dict:filter-in-seq-set,1,runtime
ichiran/dict:synergy-noun-da,ichiran/dict:filter-is-noun,1,runtime
ichiran/dict:synergy-noun-da,ichiran/dict:make-segment-list-from,1,runtime
ichiran/dict:synergy-noun-da,ichiran/dict:make-synergy,1,runtime
ichiran/dict:synergy-noun-da,ichiran/dict:segment-info,1,runtime
ichiran/dict:synergy-noun-da,ichiran/dict:segment-list-end,1,runtime
ichiran/dict:synergy-noun-da,ichiran/dict:segment-list-segments,1,runtime
ichiran/dict:synergy-noun-da,ichiran/dict:segment-list-start,1,runtime
ichiran/dict:synergy-noun-particle,ichiran/dict:filter-in-seq-set,1,runtime
ichiran/dict:synergy-noun-particle,ichiran/dict:filter-is-noun,1,runtime
ichiran/dict:synergy-noun-particle,ichiran/dict:make-segment-list-from,1,runtime
ichiran/dict:synergy-noun-particle,ichiran/dict:make-synergy,1,runtime
ichiran/dict:synergy-noun-particle,ichiran/dict:segment-list-end,1,runtime
ichiran/dict:synergy-noun-particle,ichiran/dict:segment-list-segments,1,runtime
ichiran/dict:synergy-noun-particle,ichiran/dict:segment-list-start,1,runtime
ichiran/dict:synergy-o-prefix,ichiran/dict:filter-in-seq-set,1,runtime
ichiran/dict:synergy-o-prefix,ichiran/dict:make-segment-list-from,1,runtime
ichiran/dict:synergy-o-prefix,ichiran/dict:make-synergy,1,runtime
ichiran/dict:synergy-o-prefix,ichiran/dict:segment-info,1,runtime
ichiran/dict:synergy-o-prefix,ichiran/dict:segment-list-end,1,runtime
ichiran/dict:synergy-o-prefix,ichiran/dict:segment-list-segments,1,runtime
ichiran/dict:synergy-o-prefix,ichiran/dict:segment-list-start,1,runtime
ichiran/dict:synergy-oki,ichiran/dict:filter-in-seq-set,1,runtime
ichiran/dict:synergy-oki,ichiran/dict:make-segment-list-from,1,runtime
ichiran/dict:synergy-oki,ichiran/dict:make-synergy,1,runtime
ichiran/dict:synergy-oki,ichiran/dict:segment-info,1,runtime
ichiran/dict:synergy-oki,ichiran/dict:segment-list-end,1,runtime
ichiran/dict:synergy-oki,ichiran/dict:segment-list-segments,1,runtime
ichiran/dict:synergy-oki,ichiran/dict:segment-list-start,1,runtime
ichiran/dict:synergy-shicha-ikenai,ichiran/dict:filter-in-seq-set,1,runtime
ichiran/dict:synergy-shicha-ikenai,ichiran/dict:filter-is-compound-end,1,runtime
ichiran/dict:synergy-shicha-ikenai,ichiran/dict:make-segment-list-from,1,runtime
ichiran/dict:synergy-shicha-ikenai,ichiran/dict:make-synergy,1,runtime
ichiran/dict:synergy-shicha-ikenai,ichiran/dict:segment-info,1,runtime
ichiran/dict:synergy-shicha-ikenai,ichiran/dict:segment-list-end,1,runtime
ichiran/dict:synergy-shicha-ikenai,ichiran/dict:segment-list-segments,1,runtime
ichiran/dict:synergy-shicha-ikenai,ichiran/dict:segment-list-start,1,runtime
ichiran/dict:synergy-shicha-ikenai,ichiran/dict:segment-word,1,runtime
ichiran/dict:synergy-shicha-ikenai,ichiran/dict:seq,0,runtime
ichiran/dict:synergy-shika-negative,ichiran/dict:conj-data-prop,1,runtime
ichiran/dict:synergy-shika-negative,ichiran/dict:conj-neg,0,runtime
ichiran/dict:synergy-shika-negative,ichiran/dict:filter-in-seq-set,1,runtime
ichiran/dict:synergy-shika-negative,ichiran/dict:make-segment-list-from,1,runtime
ichiran/dict:synergy-shika-negative,ichiran/dict:make-synergy,1,runtime
ichiran/dict:synergy-shika-negative,ichiran/dict:segment-info,1,runtime
ichiran/dict:synergy-shika-negative,ichiran/dict:segment-list-end,1,runtime
ichiran/dict:synergy-shika-negative,ichiran/dict:segment-list-segments,1,runtime
ichiran/dict:synergy-shika-negative,ichiran/dict:segment-list-start,1,runtime
ichiran/dict:synergy-sou-nanda,ichiran/dict:filter-in-seq-set,1,runtime
ichiran/dict:synergy-sou-nanda,ichiran/dict:make-segment-list-from,1,runtime
ichiran/dict:synergy-sou-nanda,ichiran/dict:make-synergy,1,runtime
ichiran/dict:synergy-sou-nanda,ichiran/dict:segment-info,1,runtime
ichiran/dict:synergy-sou-nanda,ichiran/dict:segment-list-end,1,runtime
ichiran/dict:synergy-sou-nanda,ichiran/dict:segment-list-segments,1,runtime
ichiran/dict:synergy-sou-nanda,ichiran/dict:segment-list-start,1,runtime
ichiran/dict:synergy-suffix-buri,ichiran/dict:filter-in-seq-set,1,runtime
ichiran/dict:synergy-suffix-buri,ichiran/dict:filter-is-noun,1,runtime
ichiran/dict:synergy-suffix-buri,ichiran/dict:make-segment-list-from,1,runtime
ichiran/dict:synergy-suffix-buri,ichiran/dict:make-synergy,1,runtime
ichiran/dict:synergy-suffix-buri,ichiran/dict:segment-info,1,runtime
ichiran/dict:synergy-suffix-buri,ichiran/dict:segment-list-end,1,runtime
ichiran/dict:synergy-suffix-buri,ichiran/dict:segment-list-segments,1,runtime
ichiran/dict:synergy-suffix-buri,ichiran/dict:segment-list-start,1,runtime
ichiran/dict:synergy-suffix-chu,ichiran/dict:filter-in-seq-set,1,runtime
ichiran/dict:synergy-suffix-chu,ichiran/dict:filter-is-noun,1,runtime
ichiran/dict:synergy-suffix-chu,ichiran/dict:make-segment-list-from,1,runtime
ichiran/dict:synergy-suffix-chu,ichiran/dict:make-synergy,1,runtime
ichiran/dict:synergy-suffix-chu,ichiran/dict:segment-info,1,runtime
ichiran/dict:synergy-suffix-chu,ichiran/dict:segment-list-end,1,runtime
ichiran/dict:synergy-suffix-chu,ichiran/dict:segment-list-segments,1,runtime
ichiran/dict:synergy-suffix-chu,ichiran/dict:segment-list-start,1,runtime
ichiran/dict:synergy-suffix-sei,ichiran/dict:filter-in-seq-set,1,runtime
ichiran/dict:synergy-suffix-sei,ichiran/dict:filter-is-noun,1,runtime
ichiran/dict:synergy-suffix-sei,ichiran/dict:make-segment-list-from,1,runtime
ichiran/dict:synergy-suffix-sei,ichiran/dict:make-synergy,1,runtime
ichiran/dict:synergy-suffix-sei,ichiran/dict:segment-info,1,runtime
ichiran/dict:synergy-suffix-sei,ichiran/dict:segment-list-end,1,runtime
ichiran/dict:synergy-suffix-sei,ichiran/dict:segment-list-segments,1,runtime
ichiran/dict:synergy-suffix-sei,ichiran/dict:segment-list-start,1,runtime
ichiran/dict:synergy-suffix-tachi,ichiran/dict:filter-in-seq-set,1,runtime
ichiran/dict:synergy-suffix-tachi,ichiran/dict:filter-is-noun,1,runtime
ichiran/dict:synergy-suffix-tachi,ichiran/dict:make-segment-list-from,1,runtime
ichiran/dict:synergy-suffix-tachi,ichiran/dict:make-synergy,1,runtime
ichiran/dict:synergy-suffix-tachi,ichiran/dict:segment-info,1,runtime
ichiran/dict:synergy-suffix-tachi,ichiran/dict:segment-list-end,1,runtime
ichiran/dict:synergy-suffix-tachi,ichiran/dict:segment-list-segments,1,runtime
ichiran/dict:synergy-suffix-tachi,ichiran/dict:segment-list-start,1,runtime
ichiran/dict:synergy-to-adverbs,ichiran/dict:filter-in-seq-set,1,runtime
ichiran/dict:synergy-to-adverbs,ichiran/dict:make-segment-list-from,1,runtime
ichiran/dict:synergy-to-adverbs,ichiran/dict:make-synergy,1,runtime
ichiran/dict:synergy-to-adverbs,ichiran/dict:segment-info,1,runtime
ichiran/dict:synergy-to-adverbs,ichiran/dict:segment-list-end,1,runtime
ichiran/dict:synergy-to-adverbs,ichiran/dict:segment-list-segments,1,runtime
ichiran/dict:synergy-to-adverbs,ichiran/dict:segment-list-start,1,runtime
ichiran/dict:te-check,ichiran/dict:find-word-with-conj-type,1,both
ichiran/dict:teiru-check,ichiran/dict:te-check,1,both
ichiran/dict:test-conj-prop,ichiran/dict:conj-fml,0,runtime
ichiran/dict:test-conj-prop,ichiran/dict:conj-neg,0,runtime
ichiran/dict:test-conj-prop,ichiran/dict:conj-type,0,runtime
ichiran/dict:test-conj-prop,ichiran/dict:pos,0,runtime
ichiran/dict:translate-hints,ichiran/dict:translate-hint-position,1,both
ichiran/dict:true-kana,ichiran/dict:get-kana,1,source
ichiran/dict:true-kana,ichiran/dict:proxy-text,1,source
ichiran/dict:true-kanji,ichiran/dict:get-kanji,1,source
ichiran/dict:true-kanji,ichiran/dict:proxy-text,1,source
ichiran/dict:true-text,ichiran/dict:proxy-text,1,source
ichiran/dict:value-string,ichiran/dict:counter-halfhour,1,source
ichiran/dict:value-string,ichiran/dict:counter-months,1,source
ichiran/dict:value-string,ichiran/dict:counter-text,1,source
ichiran/dict:value-string,ichiran/dict:counter-wari,1,source
ichiran/dict:value-string,ichiran/dict:ordinal-str,1,source
ichiran/dict:verify,ichiran/dict:counter-days-on,1,source
ichiran/dict:verify,ichiran/dict:counter-tsu,1,source
ichiran/dict:word-conj-data,ichiran/dict:compound-text,1,source
ichiran/dict:word-conj-data,ichiran/dict:counter-text,1,source
ichiran/dict:word-conj-data,ichiran/dict:get-conj-data,1,source
ichiran/dict:word-conj-data,ichiran/dict:simple-text,1,source
ichiran/dict:word-conj-data,ichiran/dict:true-text,1,source
ichiran/dict:word-info-from-segment,ichiran/dict:compound-text,1,source
ichiran/dict:word-info-from-segment,ichiran/dict:counter-text,1,source
ichiran/dict:word-info-from-segment,ichiran/dict:get-kana,1,both
ichiran/dict:word-info-from-segment,ichiran/dict:get-text,1,both
ichiran/dict:word-info-from-segment,ichiran/dict:ordinalp,0,runtime
ichiran/dict:word-info-from-segment,ichiran/dict:primary,0,runtime
ichiran/dict:word-info-from-segment,ichiran/dict:segment,1,source
ichiran/dict:word-info-from-segment,ichiran/dict:segment-end,1,both
ichiran/dict:word-info-from-segment,ichiran/dict:segment-score,1,both
ichiran/dict:word-info-from-segment,ichiran/dict:segment-start,1,both
ichiran/dict:word-info-from-segment,ichiran/dict:segment-word,1,both
ichiran/dict:word-info-from-segment,ichiran/dict:seq,0,runtime
ichiran/dict:word-info-from-segment,ichiran/dict:simple-text,1,source
ichiran/dict:word-info-from-segment,ichiran/dict:true-text,1,both
ichiran/dict:word-info-from-segment,ichiran/dict:value-string,1,both
ichiran/dict:word-info-from-segment,ichiran/dict:word-conjugations,0,runtime
ichiran/dict:word-info-from-segment,ichiran/dict:word-info,1,source
ichiran/dict:word-info-from-segment,ichiran/dict:word-type,1,both
ichiran/dict:word-info-from-segment,ichiran/dict:words,0,runtime
ichiran/dict:word-info-from-segment-list,ichiran/dict:*segment-score-cutoff*,1,source
ichiran/dict:word-info-from-segment-list,ichiran/dict:segment-list,1,source
ichiran/dict:word-info-from-segment-list,ichiran/dict:segment-list-end,1,both
ichiran/dict:word-info-from-segment-list,ichiran/dict:segment-list-matches,1,both
ichiran/dict:word-info-from-segment-list,ichiran/dict:segment-list-segments,1,both
ichiran/dict:word-info-from-segment-list,ichiran/dict:segment-list-start,1,both
ichiran/dict:word-info-from-segment-list,ichiran/dict:word-info,1,source
ichiran/dict:word-info-from-segment-list,ichiran/dict:word-info-from-segment,1,both
ichiran/dict:word-info-from-segment-list,ichiran/dict:word-info-kana,0,runtime
ichiran/dict:word-info-from-segment-list,ichiran/dict:word-info-score,0,runtime
ichiran/dict:word-info-from-segment-list,ichiran/dict:word-info-seq,0,runtime
ichiran/dict:word-info-from-segment-list,ichiran/dict:word-info-text,0,runtime
ichiran/dict:word-info-from-segment-list,ichiran/dict:word-info-type,0,runtime
ichiran/dict:word-info-from-text,ichiran/conn:*connection*,1,source
ichiran/dict:word-info-from-text,ichiran/dict:find-word-full,1,both
ichiran/dict:word-info-from-text,ichiran/dict:gen-score,1,both
ichiran/dict:word-info-from-text,ichiran/dict:make-segment,1,both
ichiran/dict:word-info-from-text,ichiran/dict:make-segment-list,1,both
ichiran/dict:word-info-from-text,ichiran/dict:segment-list,1,source
ichiran/dict:word-info-from-text,ichiran/dict:word-info-from-segment-list,1,both
ichiran/dict:word-info-gloss-json,ichiran/conn:*connection*,1,source
ichiran/dict:word-info-gloss-json,ichiran/dict:conj-info-json,1,both
ichiran/dict:word-info-gloss-json,ichiran/dict:get-senses-json,1,both
ichiran/dict:word-info-gloss-json,ichiran/dict:get-suffix-description,1,both
ichiran/dict:word-info-gloss-json,ichiran/dict:gloss,1,source
ichiran/dict:word-info-gloss-json,ichiran/dict:reading-str,1,both
ichiran/dict:word-info-gloss-json,ichiran/dict:word-info,1,source
ichiran/dict:word-info-gloss-json,ichiran/dict:word-info-alternative,0,runtime
ichiran/dict:word-info-gloss-json,ichiran/dict:word-info-components,0,runtime
ichiran/dict:word-info-gloss-json,ichiran/dict:word-info-conjugations,0,runtime
ichiran/dict:word-info-gloss-json,ichiran/dict:word-info-counter,0,runtime
ichiran/dict:word-info-gloss-json,ichiran/dict:word-info-kana,0,runtime
ichiran/dict:word-info-gloss-json,ichiran/dict:word-info-primary,0,runtime
ichiran/dict:word-info-gloss-json,ichiran/dict:word-info-reading,1,both
ichiran/dict:word-info-gloss-json,ichiran/dict:word-info-score,0,runtime
ichiran/dict:word-info-gloss-json,ichiran/dict:word-info-seq,0,runtime
ichiran/dict:word-info-gloss-json,ichiran/dict:word-info-text,0,runtime
ichiran/dict:word-info-gloss-json,ichiran/dict:word-info-true-text,0,runtime
ichiran/dict:word-info-json,ichiran/dict:true-text,1,source
ichiran/dict:word-info-json,ichiran/dict:word-info,1,source
ichiran/dict:word-info-json,ichiran/dict:word-info-json,1,runtime
ichiran/dict:word-info-reading,ichiran/dict:kana-text,1,source
ichiran/dict:word-info-reading,ichiran/dict:kanji-text,1,source
ichiran/dict:word-info-reading,ichiran/dict:true-text,1,source
ichiran/dict:word-info-reading,ichiran/dict:word-info,1,source
ichiran/dict:word-info-reading,ichiran/dict:word-info-true-text,0,runtime
ichiran/dict:word-info-reading,ichiran/dict:word-info-type,0,runtime
ichiran/dict:word-info-reading-str,ichiran/dict:reading-str*,1,both
ichiran/dict:word-info-reading-str,ichiran/dict:word-info,1,source
ichiran/dict:word-info-reading-str,ichiran/dict:word-info-counter,0,runtime
ichiran/dict:word-info-reading-str,ichiran/dict:word-info-kana,0,runtime
ichiran/dict:word-info-reading-str,ichiran/dict:word-info-seq,0,runtime
ichiran/dict:word-info-reading-str,ichiran/dict:word-info-text,0,runtime
ichiran/dict:word-info-reading-str,ichiran/dict:word-info-type,0,runtime
ichiran/dict:word-info-rec-find,ichiran/dict:word-info-components,0,runtime
ichiran/dict:word-info-rec-find,ichiran/dict:word-info-rec-find,1,runtime
ichiran/dict:word-info-str,ichiran/conn:*connection*,1,source
ichiran/dict:word-info-str,ichiran/dict:get-senses-str,1,both
ichiran/dict:word-info-str,ichiran/dict:get-suffix-description,1,both
ichiran/dict:word-info-str,ichiran/dict:print-conj-info,1,both
ichiran/dict:word-info-str,ichiran/dict:reading-str,1,both
ichiran/dict:word-info-str,ichiran/dict:word-info,1,source
ichiran/dict:word-info-str,ichiran/dict:word-info-alternative,0,runtime
ichiran/dict:word-info-str,ichiran/dict:word-info-components,0,runtime
ichiran/dict:word-info-str,ichiran/dict:word-info-conjugations,0,runtime
ichiran/dict:word-info-str,ichiran/dict:word-info-counter,0,runtime
ichiran/dict:word-info-str,ichiran/dict:word-info-primary,0,runtime
ichiran/dict:word-info-str,ichiran/dict:word-info-seq,0,runtime
ichiran/dict:word-info-str,ichiran/dict:word-info-text,0,runtime
ichiran/dict:word-readings,ichiran/dict:kana-text,1,source
ichiran/dict:word-readings,ichiran/dict:kanji-text,1,source
ichiran/dict:word-readings,ichiran:romanize-word,1,both
ichiran/dict:word-type,ichiran/characters:count-char-class,1,source
ichiran/dict:word-type,ichiran/dict:compound-text,1,source
ichiran/dict:word-type,ichiran/dict:counter-text,1,source
ichiran/dict:word-type,ichiran/dict:kana-text,1,source
ichiran/dict:word-type,ichiran/dict:kanji-text,1,source
ichiran/dict:word-type,ichiran/dict:proxy-text,1,source
ichiran/kanji:first-node-text,ichiran/dict:node-text,1,both
ichiran/kanji:get-normal-readings,ichiran/characters:rendaku,1,source
ichiran/kanji:get-normal-readings,ichiran/kanji:get-reading-alternatives,1,both
ichiran/kanji:get-normal-readings,ichiran/kanji:get-readings-cache,1,both
ichiran/kanji:get-normal-readings,ichiran/kanji:reading,1,source
ichiran/kanji:get-original-reading,ichiran/characters:rendaku,1,source
ichiran/kanji:get-original-reading,ichiran/characters:unrendaku,1,both
ichiran/kanji:get-reading-alternatives,ichiran/characters:geminate,1,runtime
ichiran/kanji:get-reading-alternatives,ichiran/characters:rendaku,1,both
ichiran/kanji:get-reading-alternatives,ichiran/kanji:reading,1,source
ichiran/kanji:get-reading-stats,ichiran/conn:*connection*,1,source
ichiran/kanji:get-reading-stats,ichiran/kanji:calculate-perc,1,both
ichiran/kanji:get-reading-stats,ichiran/kanji:kanji,1,source
ichiran/kanji:get-reading-stats,ichiran/kanji:reading,1,source
ichiran/kanji:get-readings,ichiran/kanji:get-readings-cache,1,both
ichiran/kanji:get-readings-cache,ichiran/conn:*connection*,1,source
ichiran/kanji:get-readings-cache,ichiran/kanji:*reading-cache*,1,source
ichiran/kanji:get-readings-cache,ichiran/kanji:kanji,1,source
ichiran/kanji:get-readings-cache,ichiran/kanji:reading,1,source
ichiran/kanji:init-tables,ichiran/conn:*connection*,1,source
ichiran/kanji:init-tables,ichiran/kanji:kanji,1,source
ichiran/kanji:init-tables,ichiran/kanji:meaning,1,source
ichiran/kanji:init-tables,ichiran/kanji:okurigana,1,source
ichiran/kanji:init-tables,ichiran/kanji:reading,1,source
ichiran/kanji:kanji-info-json,ichiran/conn:*connection*,1,source
ichiran/kanji:kanji-info-json,ichiran/kanji:kanji,1,source
ichiran/kanji:kanji-info-json,ichiran/kanji:to-json,1,both
ichiran/kanji:kanji-reading-json,ichiran/characters:*kanji-char-regex*,1,source
ichiran/kanji:kanji-reading-json,ichiran/characters:rendaku,1,source
ichiran/kanji:kanji-reading-json,ichiran/kanji:get-original-reading,1,both
ichiran/kanji:kanji-reading-json,ichiran/kanji:get-reading-stats,1,both
ichiran/kanji:kanji-reading-json,ichiran/kanji:kanji,1,source
ichiran/kanji:kanji-reading-json,ichiran/kanji:reading,1,source
ichiran/kanji:kanji-word-stats,ichiran/dict:get-kanji-words,1,both
ichiran/kanji:kanji-word-stats,ichiran/kanji:get-original-reading,1,both
ichiran/kanji:kanji-word-stats,ichiran/kanji:match-readings,1,both
ichiran/kanji:kanji-word-stats,ichiran/kanji:reading,1,source
ichiran/kanji:load-kanji,ichiran/characters:as-hiragana,1,both
ichiran/kanji:load-kanji,ichiran/dict:node-text,1,both
ichiran/kanji:load-kanji,ichiran/kanji:first-node-text,1,both
ichiran/kanji:load-kanji,ichiran/kanji:id,0,runtime
ichiran/kanji:load-kanji,ichiran/kanji:kanji,1,source
ichiran/kanji:load-kanji,ichiran/kanji:load-readings,1,both
ichiran/kanji:load-kanji,ichiran/kanji:meaning,1,source
ichiran/kanji:load-kanji,ichiran/kanji:reading,1,source
ichiran/kanji:load-kanji-stats,ichiran/conn:*connection*,1,source
ichiran/kanji:load-kanji-stats,ichiran/kanji:id,0,runtime
ichiran/kanji:load-kanji-stats,ichiran/kanji:kanji,1,source
ichiran/kanji:load-kanji-stats,ichiran/kanji:kanji-word-stats,1,both
ichiran/kanji:load-kanji-stats,ichiran/kanji:reading,1,source
ichiran/kanji:load-kanji-stats,ichiran/kanji:reading-type,0,runtime
ichiran/kanji:load-kanjidic,ichiran/conn:*connection*,1,source
ichiran/kanji:load-kanjidic,ichiran/kanji:*kanjidic-path*,1,source
ichiran/kanji:load-kanjidic,ichiran/kanji:init-tables,1,both
ichiran/kanji:load-kanjidic,ichiran/kanji:load-kanji,1,both
ichiran/kanji:load-readings,ichiran/characters:as-hiragana,1,both
ichiran/kanji:load-readings,ichiran/dict:node-text,1,both
ichiran/kanji:load-readings,ichiran/kanji:id,0,runtime
ichiran/kanji:load-readings,ichiran/kanji:okurigana,1,source
ichiran/kanji:load-readings,ichiran/kanji:reading,1,source
ichiran/kanji:make-rmap,ichiran/characters:*kanji-regex*,1,source
ichiran/kanji:make-rmap,ichiran/kanji:get-normal-readings,1,both
ichiran/kanji:match-readings,ichiran/kanji:make-rmap,1,both
ichiran/kanji:match-readings,ichiran/kanji:match-readings*,1,both
ichiran/kanji:match-readings,ichiran/kanji:reading,1,source
ichiran/kanji:match-readings*,ichiran/kanji:match-readings*,1,runtime
ichiran/kanji:match-readings*,ichiran/kanji:reading,1,source
ichiran/kanji:match-readings-json,ichiran/characters:*kanji-regex*,1,source
ichiran/kanji:match-readings-json,ichiran/kanji:match-readings,1,both
ichiran/kanji:match-readings-json,ichiran/kanji:process-match-json,1,both
ichiran/kanji:match-readings-json,ichiran/kanji:reading,1,source
ichiran/kanji:process-match-json,ichiran/characters:*kanji-char-regex*,1,source
ichiran/kanji:process-match-json,ichiran/kanji:kanji-reading-json,1,both
ichiran/kanji:query-kanji-json,ichiran/conn:*connection*,1,source
ichiran/kanji:query-kanji-json,ichiran/kanji:kanji,1,source
ichiran/kanji:query-kanji-json,ichiran/kanji:to-json,1,source
ichiran/kanji:reading-info-json,ichiran/conn:*connection*,1,source
ichiran/kanji:reading-info-json,ichiran/kanji:calculate-perc,1,both
ichiran/kanji:reading-info-json,ichiran/kanji:id,0,runtime
ichiran/kanji:reading-info-json,ichiran/kanji:okurigana,1,source
ichiran/kanji:reading-info-json,ichiran/kanji:prefixp,0,runtime
ichiran/kanji:reading-info-json,ichiran/kanji:reading,1,source
ichiran/kanji:reading-info-json,ichiran/kanji:reading-type,0,runtime
ichiran/kanji:reading-info-json,ichiran/kanji:stat-common,0,runtime
ichiran/kanji:reading-info-json,ichiran/kanji:suffixp,0,runtime
ichiran/kanji:reading-info-json,ichiran:*hepburn-basic*,1,source
ichiran/kanji:reading-info-json,ichiran:romanize-word,1,both
ichiran/kanji:to-json,ichiran/kanji:calculate-perc,1,source
ichiran/kanji:to-json,ichiran/kanji:kanji,1,source
ichiran/kanji:to-json,ichiran/kanji:meaning,1,source
ichiran/kanji:to-json,ichiran/kanji:reading,1,source
ichiran/kanji:to-json,ichiran/kanji:reading-info-json,1,source
ichiran/maintenance:add-errata,ichiran/conn:get-spec,1,runtime
ichiran/maintenance:add-errata,ichiran/conn:with-db,1,source
ichiran/maintenance:add-errata,ichiran/dict:add-errata,1,both
ichiran/maintenance:collect-entries,ichiran/conn:*connection*,1,source
ichiran/maintenance:collect-entries,ichiran/conn:get-spec,1,runtime
ichiran/maintenance:collect-entries,ichiran/conn:with-db,1,source
ichiran/maintenance:collect-entries,ichiran/dict:entry,1,source
ichiran/maintenance:collect-entries,ichiran/dict:seq,0,runtime
ichiran/maintenance:compare-queries,ichiran/conn:with-db,1,source
ichiran/maintenance:custom-init,ichiran/conn:get-spec,1,runtime
ichiran/maintenance:custom-init,ichiran/conn:let-db,1,source
ichiran/maintenance:custom-init,ichiran/dict:*jmdict-data*,1,source
ichiran/maintenance:custom-init,ichiran/dict:*jmdict-path*,1,source
ichiran/maintenance:custom-init,ichiran/kanji:*kanjidic-path*,1,source
ichiran/maintenance:custom-init,ichiran/maintenance:full-init,1,both
ichiran/maintenance:diff-content,ichiran/characters:split-by-regex,1,both
ichiran/maintenance:display-seq-set,ichiran/conn:*connection*,1,source
ichiran/maintenance:display-seq-set,ichiran/conn:with-db,1,source
ichiran/maintenance:display-seq-set,ichiran/dict:entry,1,source
ichiran/maintenance:display-seq-set,ichiran/dict:entry-digest,1,source
ichiran/maintenance:full-init,ichiran/dict:load-best-readings,1,both
ichiran/maintenance:full-init,ichiran/dict:load-jmdict,1,both
ichiran/maintenance:full-init,ichiran/kanji:load-kanji-stats,1,both
ichiran/maintenance:full-init,ichiran/kanji:load-kanjidic,1,both
ichiran/maintenance:get-hardcoded-constants,ichiran/maintenance:regex-file,1,both
ichiran/maintenance:get-seq-changes,ichiran/conn:get-spec,1,runtime
ichiran/maintenance:get-seq-changes,ichiran/maintenance:compare-queries,1,source
ichiran/maintenance:get-seq-changes,ichiran/maintenance:get-hardcoded-constants,1,both
ichiran/maintenance:show-diffs,ichiran/dict:entry-info-long,1,both
ichiran/maintenance:show-diffs,ichiran/maintenance:diff-content,1,both
ichiran/maintenance:show-missing-constants,ichiran/conn:get-spec,1,runtime
ichiran/maintenance:show-missing-constants,ichiran/dict:entry-digest,1,runtime
ichiran/maintenance:show-missing-constants,ichiran/maintenance:collect-entries,1,both
ichiran/maintenance:show-missing-constants,ichiran/maintenance:display-seq-set,1,source
ichiran/maintenance:show-missing-constants,ichiran/maintenance:get-hardcoded-constants,1,both
ichiran/maintenance:switch-connection,ichiran/conn:*connection*,1,source
ichiran/maintenance:switch-connection,ichiran/conn:get-spec,1,runtime
ichiran/maintenance:switch-connection,ichiran/conn:init-all-caches,1,both
ichiran/maintenance:switch-connection,ichiran/conn:switch-conn-vars,1,both
ichiran/maintenance:switch-connection,ichiran/conn:with-db,1,source
ichiran/maintenance:switch-connection,ichiran/dict:init-suffixes,1,both
ichiran/numbers:group-to-kana,ichiran/numbers:num-sandhi,1,both
ichiran/numbers:num-sandhi,ichiran/characters:geminate,1,source
ichiran/numbers:num-sandhi,ichiran/characters:rendaku,1,source
ichiran/numbers:number-to-kana,ichiran/characters:join,1,both
ichiran/numbers:number-to-kana,ichiran/numbers:*char-number-class-hash*,1,source
ichiran/numbers:number-to-kana,ichiran/numbers:group-to-kana,1,both
ichiran/numbers:number-to-kana,ichiran/numbers:number-to-kanji,1,source
ichiran/numbers:number-to-kanji,ichiran/numbers:*digit-kanji-default*,1,source
ichiran/numbers:number-to-kanji,ichiran/numbers:*power-kanji*,1,source
ichiran/numbers:number-to-kanji,ichiran/numbers:number-to-kanji,1,runtime
ichiran/numbers:parse-number,ichiran/numbers:*char-number-class-hash*,1,source
ichiran/numbers:parse-number,ichiran/numbers:parse-number*,1,both
ichiran/numbers:parse-number*,ichiran/numbers:parse-number*,1,runtime
ichiran/test:assert-segment,ichiran/dict:simple-segment,1,both
ichiran/test:assert-segment,ichiran/dict:word-info-text,0,runtime
ichiran/test:assert-segment,ichiran/dict:word-info-type,0,runtime
ichiran/test:assert-segment,ichiran/test:test-job,1,source
ichiran/test:assert-segment,ichiran/test:test-progress,1,runtime
ichiran/test:define-parallel-test,ichiran/test:*delays*,1,source
ichiran/test:run-all-tests,ichiran/conn:init-all-caches,1,both
ichiran/test:run-all-tests,ichiran/dict:init-suffixes,1,both
ichiran/test:run-all-tests,ichiran/test:run-parallel-tests,1,both
ichiran/test:run-parallel-tests,ichiran/test:*test-thread-count*,1,source
ichiran/test:test-job,ichiran/test:*delays*,1,source
ichiran/test:test-job,ichiran/test:test-progress,1,source
ichiran:*default-romanization-method*,ichiran:traditional-hepburn,1,runtime
ichiran:*hepburn-basic*,ichiran:generic-hepburn,1,runtime
ichiran:*hepburn-modified*,ichiran:modified-hepburn,1,runtime
ichiran:*hepburn-passport*,ichiran:simplified-hepburn,1,runtime
ichiran:*hepburn-simple*,ichiran:simplified-hepburn,1,runtime
ichiran:*hepburn-traditional*,ichiran:traditional-hepburn,1,runtime
ichiran:*kunrei-siki*,ichiran:kunrei-siki,1,runtime
ichiran:*romaji-kana*,ichiran:rmap-item,1,runtime
ichiran:apply-rmap-item,ichiran:make-kana-representation,1,both
ichiran:apply-rmap-item,ichiran:possible-long-vowel-p,1,both
ichiran:apply-rmap-item,ichiran:rmi-kana,1,both
ichiran:apply-rmap-item,ichiran:rmi-next,1,both
ichiran:apply-rmap-item,ichiran:rmi-text,1,both
ichiran:branches-next,ichiran:join-branches,1,both
ichiran:branches-next,ichiran:kr-branch,1,source
ichiran:branches-next,ichiran:kr-concat,1,both
ichiran:branches-next,ichiran:kr-pattern,1,both
ichiran:branches-next,ichiran:kr-rest,1,both
ichiran:branches-next,ichiran:romaji-next,1,both
ichiran:generic-hepburn,ichiran:generic-romanization,1,runtime
ichiran:get-character-classes,ichiran/characters:*char-class-hash*,1,source
ichiran:get-romaji-kana,ichiran:load-romaji-kana,1,runtime
ichiran:join-branches,ichiran:kr-branch,1,both
ichiran:join-branches,ichiran:kr-canonical,1,both
ichiran:join-branches,ichiran:kr-pattern,1,both
ichiran:join-branches,ichiran:kr-rest,1,both
ichiran:join-branches,ichiran:make-kana-representation,1,both
ichiran:kr-concat,ichiran:kr-branch,1,both
ichiran:kr-concat,ichiran:kr-canonical,1,both
ichiran:kr-concat,ichiran:kr-pattern,1,both
ichiran:kr-concat,ichiran:kr-rest,1,both
ichiran:kr-concat,ichiran:make-kana-representation,1,both
ichiran:kunrei-siki,ichiran:generic-romanization,1,runtime
ichiran:leftmost-atom,ichiran:leftmost-atom,1,runtime
ichiran:load-romaji-kana,ichiran:make-rmap-item,1,runtime
ichiran:modified-hepburn,ichiran:simplified-hepburn,1,runtime
ichiran:process-iteration-characters,ichiran/characters:voice-char,1,both
ichiran:process-modifiers,ichiran/characters:*modifier-characters*,1,source
ichiran:process-modifiers,ichiran:process-modifiers,1,runtime
ichiran:r-apply,ichiran:generic-hepburn,1,source
ichiran:r-apply,ichiran:generic-romanization,1,source
ichiran:r-apply,ichiran:leftmost-atom,1,source
ichiran:r-apply,ichiran:romanize-core,1,source
ichiran:r-base,ichiran:generic-romanization,1,source
ichiran:r-simplify,ichiran/characters:simplify-ngrams,1,source
ichiran:r-simplify,ichiran:generic-hepburn,1,source
ichiran:r-simplify,ichiran:kunrei-siki,1,source
ichiran:r-simplify,ichiran:simplified-hepburn,1,source
ichiran:r-simplify,ichiran:traditional-hepburn,1,source
ichiran:romaji-kana,ichiran:branches-next,1,both
ichiran:romaji-kana,ichiran:kr-canonical,1,both
ichiran:romaji-kana,ichiran:kr-pattern,1,both
ichiran:romaji-kana,ichiran:kr-rest,1,both
ichiran:romaji-kana,ichiran:make-kana-representation,1,both
ichiran:romaji-next,ichiran:*romaji-kana-next*,1,source
ichiran:romaji-next,ichiran:apply-rmap-item,1,both
ichiran:romaji-next,ichiran:get-romaji-kana,1,both
ichiran:romaji-suggest,ichiran/characters:as-katakana,1,both
ichiran:romaji-suggest,ichiran/dict:find-kanji-for-pattern,1,both
ichiran:romaji-suggest,ichiran:romaji-kana,1,both
ichiran:romanize,ichiran/characters:basic-split,1,both
ichiran:romanize,ichiran/characters:normalize,1,both
ichiran:romanize,ichiran/dict:simple-segment,1,both
ichiran:romanize,ichiran/dict:word-info-str,1,both
ichiran:romanize,ichiran:*default-romanization-method*,1,source
ichiran:romanize,ichiran:join-parts,1,both
ichiran:romanize,ichiran:romanize-word-info,1,both
ichiran:romanize*,ichiran/characters:basic-split,1,both
ichiran:romanize*,ichiran/characters:normalize,1,both
ichiran:romanize*,ichiran/dict:dict-segment,1,both
ichiran:romanize*,ichiran:*default-romanization-method*,1,source
ichiran:romanize*,ichiran:romanize-word-info,1,both
ichiran:romanize-core,ichiran:r-apply,1,both
ichiran:romanize-core,ichiran:r-base,1,both
ichiran:romanize-list,ichiran:*default-romanization-method*,1,source
ichiran:romanize-list,ichiran:process-iteration-characters,1,both
ichiran:romanize-list,ichiran:process-modifiers,1,both
ichiran:romanize-list,ichiran:r-simplify,1,both
ichiran:romanize-list,ichiran:romanize-core,1,both
ichiran:romanize-word,ichiran/characters:normalize,1,both
ichiran:romanize-word,ichiran/dict:process-hints,1,both
ichiran:romanize-word,ichiran:*default-romanization-method*,1,source
ichiran:romanize-word,ichiran:get-character-classes,1,both
ichiran:romanize-word,ichiran:r-special,1,both
ichiran:romanize-word,ichiran:romanize-list,1,both
ichiran:romanize-word-geo,ichiran:*hepburn-simple*,1,source
ichiran:romanize-word-geo,ichiran:romanize-word,1,both
ichiran:romanize-word-info,ichiran/dict:map-word-info-kana,1,both
ichiran:romanize-word-info,ichiran/dict:strip-hints,1,both
ichiran:romanize-word-info,ichiran/dict:word-info,1,source
ichiran:romanize-word-info,ichiran/dict:word-info-text,0,runtime
ichiran:romanize-word-info,ichiran:*default-romanization-method*,1,source
ichiran:romanize-word-info,ichiran:romanize-word,1,both
ichiran:simplified-hepburn,ichiran:generic-hepburn,1,runtime
ichiran:traditional-hepburn,ichiran:simplified-hepburn,1,runtime
